item_number,new_item_number,dash,total_650K
N97500-170-00001,N97500-170,1,0
N97500-145-00250,N97500-145,250,586
N97500-098-00011,N97500-098,11,0
N97500-082-00001,N97500-082,1,0
N93800-48003,N93800-48003,,0
N92101-30020,N92101-30020,,0
N55060-009-10008,N55060-009,10008,0
N55060-009-00008,N55060-009,8,0
N23032-002-00001,N23032-002,1,0
N15593-603-00144,N15593-603,144,0
N15057-006-00001,N15057-006,1,0
N07802-001-61500,N07802-001,61500,18
N07802-001-61200,N07802-001,61200,16
N07802-001-31200,N07802-001,31200,0
N02771-00058,N02771-00058,,0
N02376-40001,N02376-40001,,4863
N02376-00003,N02376-00003,,0
N02370-00058,N02370-00058,,0
N02004-00224,N02004-00224,,6255
N02004-00223,N02004-00223,,10838
N02004-00210,N02004-00210,,0
N02004-00208,N02004-00208,,0
N01683-00004,N01683-00004,,5687
N00001-24070,N00001-24070,,0
LF-0003282BRF,LF-0003282BRF,,0
0X0115-00022,0X0115-00022,,0
0S2044-00022,0S2044-00022,,138
0R8499-00001,0R8499-00001,,0
0R8471-03000,0R8471-03000,,0
0R8471-02700,0R8471-02700,,0
0R8471-02250,0R8471-02250,,0
0R6020-00167,0R6020-00167,,46
0R2101-01300,0R2101-01300,,0
0R0130-05400,0R0130-05400,,28
0R0130-03150,0R0130-03150,,0
0R0102-05000,0R0102-05000,,0
0R0102-04600,0R0102-04600,,0
0R0102-04200,0R0102-04200,,0
0R0102-03800,0R0102-03800,,0
0R0102-03400,0R0102-03400,,0
0R0102-01000,0R0102-01000,,0
0R0100-02995BQK,0R0100-02995BQK,,0
0R0100-02995,0R0100-02995,,1301
0R0100-01945,0R0100-01945,,838
0R0100-01045,0R0100-01045,,853
0R0100-00895,0R0100-00895,,0
0P8749-09020,0P8749-09020,,2
0P8749-09014,0P8749-09014,,4
0P8749-09012,0P8749-09012,,1
0P8749-09010,0P8749-09010,,20
0P8749-04514,0P8749-04514,,4
0P8749-04510,0P8749-04510,,4
0P8748-00090,0P8748-00090,,27
0P8748-00045,0P8748-00045,,8
0P8748-00030,0P8748-00030,,12
0P8085-00001,0P8085-00001,,0
0P7785-41898,0P7785-41898,,1072
0P7785-41648,0P7785-41648,,40
0P7785-41598,0P7785-41598,,60
0P7785-41548,0P7785-41548,,52
0P7785-41498,0P7785-41498,,0
0P7785-41448,0P7785-41448,,99
0P7785-41298,0P7785-41298,,112
0P7785-21898,0P7785-21898,,202
0P7785-21648,0P7785-21648,,14
0P7785-21598,0P7785-21598,,12
0P7785-21548,0P7785-21548,,4
0P7785-21498,0P7785-21498,,1
0P7785-21448,0P7785-21448,,73
0P7785-21298,0P7785-21298,,34
0P7785-11898,0P7785-11898,,177
0P7785-11648,0P7785-11648,,17
0P7785-11598,0P7785-11598,,3
0P7785-11548,0P7785-11548,,2
0P7785-11448,0P7785-11448,,22
0P7785-11298,0P7785-11298,,30
0P5546-35130,0P5546-35130,,16
0P5476-10000,0P5476-10000,,0
0P5463-03000,0P5463-03000,,0
0P5463-02700,0P5463-02700,,0
0P5463-02250,0P5463-02250,,0
0P5462-03000,0P5462-03000,,0
0P5462-02700,0P5462-02700,,0
0P5462-02250,0P5462-02250,,0
0P5462-01500,0P5462-01500,,0
0P5461-00001,0P5461-00001,,0
0P5445-01300,0P5445-01300,,0
0P5445-01000,0P5445-01000,,0
0P3799-03040,0P3799-03040,,0
0P3322-00300,0P3322-00300,,2074
0P3321-00300,0P3321-00300,,1043
0P3321-00100C1F,0P3321-00100C1F,,0
0P3321-00100,0P3321-00100,,2757
0P3076-00001,0P3076-00001,,375
0P2271-30490,0P2271-30490,,0
0P2271-30440,0P2271-30440,,0
0P2271-10150,0P2271-10150,,0
0P2271-00480,0P2271-00480,,0
0P2271-00360,0P2271-00360,,0
0P2271-00340,0P2271-00340,,0
0P2271-00300,0P2271-00300,,0
0P2271-00290,0P2271-00290,,0
0P2271-00270,0P2271-00270,,0
0P2271-00250,0P2271-00250,,0
0P2271-00220,0P2271-00220,,0
0P2271-00200,0P2271-00200,,0
0P2271-00130,0P2271-00130,,0
0P2271-00120,0P2271-00120,,0
0P2271-00100,0P2271-00100,,0
0P2271-00070,0P2271-00070,,0
0P2271-00050,0P2271-00050,,0
0P2105-00001,0P2105-00001,,0
0P1873-00058,0P1873-00058,,0
0P1233-01152,0P1233-01152,,0
0P0518-00001,0P0518-00001,,484
0L9021-00001,0L9021-00001,,8104
0L8574-10200,0L8574-10200,,0
0L8574-10100,0L8574-10100,,0
0L8472-10030,0L8472-10030,,0
0L8472-10027,0L8472-10027,,0
0L8472-10022,0L8472-10022,,0
0L7885-23515,0L7885-23515,,8
0L7885-23512,0L7885-23512,,0
0L7885-23510,0L7885-23510,,0
0L7885-22015,0L7885-22015,,0
0L7885-22012,0L7885-22012,,0
0L7885-22010,0L7885-22010,,0
0L7885-20515,0L7885-20515,,0
0L7885-20512,0L7885-20512,,0
0L7885-19015,0L7885-19015,,0
0L7885-19012,0L7885-19012,,0
0L7885-19010,0L7885-19010,,0
0L7885-17515,0L7885-17515,,6
0L7885-17512,0L7885-17512,,0
0L7885-17510,0L7885-17510,,0
0L7885-16015,0L7885-16015,,0
0L7885-16012,0L7885-16012,,0
0L7885-16010,0L7885-16010,,0
0L7885-14512,0L7885-14512,,1
0L7885-14510,0L7885-14510,,0
0L7885-13015,0L7885-13015,,5
0L7885-13012,0L7885-13012,,0
0L7885-11515,0L7885-11515,,0
0L7885-11510,0L7885-11510,,0
0L7885-10015,0L7885-10015,,13
0L7885-10013,0L7885-10013,,0
0L7885-10012,0L7885-10012,,0
0L7885-10010,0L7885-10010,,0
0L7848-00001,0L7848-00001,,26
0L7840-18510,0L7840-18510,,0
0L7840-11515,0L7840-11515,,0
0L7840-11510,0L7840-11510,,10
0L7840-08015,0L7840-08015,,1
0L7840-08012,0L7840-08012,,72
0L7840-08010,0L7840-08010,,11
0L7840-06012,0L7840-06012,,72
0L7840-06010,0L7840-06010,,0
0L7840-05010,0L7840-05010,,36
0L7840-04210,0L7840-04210,,10
0L7840-03715,0L7840-03715,,0
0L7819-01415,0L7819-01415,,23
0L7819-01115,0L7819-01115,,6
0L7819-00915,0L7819-00915,,5
0L7701-05329,0L7701-05329,,0
0L7701-05138,0L7701-05138,,0
0L6167-20190,0L6167-20190,,0
0L6069-32001,0L6069-32001,,0
0L6069-23010,0L6069-23010,,0
0L6069-23001,0L6069-23001,,2
0L6069-23000,0L6069-23000,,12
0L6069-12011,0L6069-12011,,0
0L6069-12010,0L6069-12010,,0
0L6069-12001,0L6069-12001,,1
0L6069-12000,0L6069-12000,,2
0L6069-11011,0L6069-11011,,23
0L6069-11010,0L6069-11010,,15
0L6069-11001,0L6069-11001,,24
0L6069-11000,0L6069-11000,,29
0L4719-03000,0L4719-03000,,0
0L4719-02700,0L4719-02700,,0
0L4719-02250,0L4719-02250,,0
0L4718-03000,0L4718-03000,,0
0L4718-02700,0L4718-02700,,0
0L4718-02250,0L4718-02250,,0
0L4717-03000,0L4717-03000,,0
0L4717-02700,0L4717-02700,,0
0L4717-02250,0L4717-02250,,0
0L4717-01500,0L4717-01500,,0
0L4178-01150,0L4178-01150,,76
0L4178-01135,0L4178-01135,,6
0L4178-01090,0L4178-01090,,174
0L4178-01045,0L4178-01045,,6
0L4178-01030,0L4178-01030,,64
0L4162-11500,0L4162-11500,,132
0L4162-11200,0L4162-11200,,48
0L4162-11000,0L4162-11000,,17
0L4162-01500,0L4162-01500,,189
0L4162-01200,0L4162-01200,,47
0L4162-01000,0L4162-01000,,29
0L4117-00003,0L4117-00003,,0
0L3807-10954,0L3807-10954,,0
0L3394-21520,0L3394-21520,,12
0L3394-21518,0L3394-21518,,0
0L3394-21514,0L3394-21514,,0
0L3394-20518,0L3394-20518,,0
0L3394-18520,0L3394-18520,,0
0L3394-18518,0L3394-18518,,0
0L3394-16522,0L3394-16522,,0
0L3394-16520,0L3394-16520,,0
0L3394-16518,0L3394-16518,,0
0L3394-16516,0L3394-16516,,0
0L3394-15530,0L3394-15530,,0
0L3394-15528,0L3394-15528,,0
0L3394-15524,0L3394-15524,,0
0L3394-15522,0L3394-15522,,46
0L3394-15520,0L3394-15520,,1
0L3394-15518,0L3394-15518,,0
0L3394-15514,0L3394-15514,,0
0L3394-12534,0L3394-12534,,0
0L3394-12526,0L3394-12526,,0
0L3394-12524,0L3394-12524,,5
0L3394-12522,0L3394-12522,,32
0L3394-12520,0L3394-12520,,0
0L3394-12518,0L3394-12518,,35
0L3394-12516,0L3394-12516,,0
0L3394-12018,0L3394-12018,,0
0L3394-12014,0L3394-12014,,0
0L3394-10522,0L3394-10522,,0
0L3394-10520,0L3394-10520,,1
0L3394-10518,0L3394-10518,,0
0L3394-10516,0L3394-10516,,0
0L3394-10514,0L3394-10514,,1
0L3323-00300,0L3323-00300,,3365
0L3323-00100,0L3323-00100,,6032
0L2352-21112,0L2352-21112,,0
0L2298-00003,0L2298-00003,,0
0L2297-20001,0L2297-20001,,0
0L2165-00001,0L2165-00001,,0
0L1769-00001,0L1769-00001,,0
0L1109-12998,0L1109-12998,,539
0L1050-00001,0L1050-00001,,0
0L0707-00001,0L0707-00001,,0
0L0701-15230,0L0701-15230,,0
0L0701-12125,0L0701-12125,,0
0L0519-00001,0L0519-00001,,484
0L0516-33000,0L0516-33000,,36
0L0516-32400,0L0516-32400,,0
0L0516-32300,0L0516-32300,,0
0L0516-32200,0L0516-32200,,0
0L0516-32000,0L0516-32000,,6
0L0516-31800,0L0516-31800,,3
0L0516-31700,0L0516-31700,,0
0L0516-31600,0L0516-31600,,0
0L0516-31500,0L0516-31500,,14
0L0516-31200,0L0516-31200,,0
0L0516-31150,0L0516-31150,,0
0L0516-31050,0L0516-31050,,0
0L0516-31000,0L0516-31000,,0
0L0516-30900,0L0516-30900,,20
0L0516-30850,0L0516-30850,,4
0L0516-30800,0L0516-30800,,2
0L0516-30750,0L0516-30750,,12
0L0516-30700,0L0516-30700,,4
0L0516-30650,0L0516-30650,,4
0L0516-30600,0L0516-30600,,0
0L0516-30500,0L0516-30500,,0
0L0516-30450,0L0516-30450,,0
0L0516-30400,0L0516-30400,,2
0L0210-20295,0L0210-20295,,16
0L0126-06329,0L0126-06329,,0
0L0126-05481,0L0126-05481,,0
0L0126-02329,0L0126-02329,,0
0L0124-00001,0L0124-00001,,624
0L0123-00001,0L0123-00001,,0
0L0109-01550,0L0109-01550,,26
0L0109-01250,0L0109-01250,,8
0L0109-01050,0L0109-01050,,3
098500-649-21500,098500-649,21500,0
098500-649-01500,098500-649,1500,3
096000-034-01422,096000-034,1422,13
096000-034-01122,096000-034,1122,1
096000-034-00922,096000-034,922,6
094291-103-00290,094291-103,290,8
094291-103-00200,094291-103,200,56
094291-102-00290,094291-102,290,9
094291-102-00200,094291-102,200,57
084905-131-01150,084905-131,1150,24
084905-131-01135,084905-131,1135,4
084905-131-01090,084905-131,1090,0
084905-131-01045,084905-131,1045,4
084905-131-01030,084905-131,1030,36
075992-001-00758,075992-001,758,56
075992-001-00658,075992-001,658,2348
075992-001-00558,075992-001,558,317
075992-001-00458,075992-001,458,8585
075875-006-00820,075875-006,820,1
075875-006-00620,075875-006,620,104
075875-006-00520,075875-006,520,45
075735-039-01020,075735-039,1020,0
075735-039-00820,075735-039,820,0
075735-039-00720,075735-039,720,0
075735-039-00620,075735-039,620,0
075735-039-00520,075735-039,520,0
075641-150-01577,075641-150,1577,9
070275-471-03000,070275-471,3000,0
070275-471-02600,070275-471,2600,0
070275-471-01500,070275-471,1500,0
059007-788-01500,059007-788,1500,3
059007-788-01000,059007-788,1000,12
059005-123-31193,059005-123,31193,24
053924-052-11020,053924-052,11020,1
053924-052-10720,053924-052,10720,6
053924-052-10620,053924-052,10620,52
053924-052-10520,053924-052,10520,22
053924-052-01020,053924-052,1020,3
053924-052-00820,053924-052,820,0
053924-052-00720,053924-052,720,7
053924-052-00620,053924-052,620,50
053924-052-00520,053924-052,520,18
053924-051-11020,053924-051,11020,4
053924-051-10820,053924-051,10820,15
053924-051-10720,053924-051,10720,4
053924-051-10620,053924-051,10620,51
053924-051-10520,053924-051,10520,140
053924-051-01020,053924-051,1020,0
053924-051-00920,053924-051,920,2
053924-051-00820,053924-051,820,13
053924-051-00720,053924-051,720,2
053924-051-00620,053924-051,620,31
053924-051-00520,053924-051,520,111
053708-092-30712,053708-092,30712,0
053708-038-30001,053708-038,30001,0
053708-038-10002,053708-038,10002,0
053708-038-10001,053708-038,10001,0
053708-032-40720,053708-032,40720,6
053708-032-40620,053708-032,40620,0
053708-032-20720,053708-032,20720,12
030123-019-41262,030123-019,41262,0
030123-019-41252,030123-019,41252,0
030123-019-41152,030123-019,41152,0
030123-006-05300,030123-006,5300,0
030123-003-08301,030123-003,8301,0
030123-003-07301,030123-003,7301,0
030123-003-06301,030123-003,6301,0
030123-003-05301,030123-003,5301,0
027075-008-07596,027075-008,7596,0
027075-008-07576,027075-008,7576,0
027075-008-07556,027075-008,7556,0
027075-008-07546,027075-008,7546,0
027075-004-00096,027075-004,96,0
027075-004-00086,027075-004,86,0
027075-004-00076,027075-004,76,0
027075-004-00066,027075-004,66,0
027075-004-00056,027075-004,56,0
027075-004-00046,027075-004,46,0
027075-002-75096,027075-002,75096,0
027075-002-75086,027075-002,75086,0
027075-002-75076,027075-002,75076,0
027075-002-75066,027075-002,75066,0
027075-002-75056,027075-002,75056,0
027075-001-75146,027075-001,75146,0
027075-001-52196,027075-001,52196,0
027075-001-52176,027075-001,52176,0
027075-001-52156,027075-001,52156,0
027075-001-52146,027075-001,52146,0
027075-001-37176,027075-001,37176,0
027075-001-37156,027075-001,37156,0
027075-001-37146,027075-001,37146,0
027075-001-30186,027075-001,30186,0
027075-001-30176,027075-001,30176,0
027075-001-30166,027075-001,30166,0
027075-001-30156,027075-001,30156,0
027075-001-30146,027075-001,30146,0
027075-001-22196,027075-001,22196,0
027075-001-22186,027075-001,22186,0
027075-001-22176,027075-001,22176,0
027075-001-22166,027075-001,22166,0
027075-001-22156,027075-001,22156,0
027075-001-22146,027075-001,22146,0
027075-001-07196,027075-001,7196,0
027075-001-07186,027075-001,7186,0
027075-001-07176,027075-001,7176,0
027075-001-07166,027075-001,7166,0
027075-001-07156,027075-001,7156,0
027075-001-07146,027075-001,7146,0
026368-004-16574,026368-004,16574,0
026368-004-06574,026368-004,6574,0
024853-037-00001,024853-037,1,0
024853-028-51105,024853-028,51105,2
024853-028-51060,024853-028,51060,9
024853-012-51060,024853-012,51060,10
024853-002-30450,024853-002,30450,0
018318-002-00001,018318-002,1,4
018318-001-00001,018318-001,1,4
017370-001-11102,017370-001,11102,0
017370-001-10102,017370-001,10102,9
017121-030-01500,017121-030,1500,0
017050-056-00001,017050-056,1,0
017050-048-00001,017050-048,1,56
016788-003-00720,016788-003,720,24
016788-003-00620,016788-003,620,6
016788-003-00520,016788-003,520,119
016788-002-01020,016788-002,1020,7
016788-002-00720,016788-002,720,58
016788-002-00620,016788-002,620,75
016788-002-00520,016788-002,520,112
016690-190-14290,016690-190,14290,0
016690-184-14130,016690-184,14130,0
016143-003-00001,016143-003,1,0
016143-001-11000,016143-001,11000,0
016143-001-01000,016143-001,1000,0
015912-159-00001,015912-159,1,0
015593-134-00001,015593-134,1,15
015593-133-00001,015593-133,1,133
015593-118-00001,015593-118,1,0
015593-117-00001,015593-117,1,4
015593-104-00001,015593-104,1,474
015593-103-00001,015593-103,1,74
015593-097-00001,015593-097,1,0
015593-071-01500,015593-071,1500,12
015593-071-01200,015593-071,1200,1
015593-070-02700,015593-070,2700,0
015593-070-02400,015593-070,2400,14
015593-070-02200,015593-070,2200,0
015593-070-02100,015593-070,2100,7
015593-070-02000,015593-070,2000,20
015593-070-01800,015593-070,1800,614
015593-070-01600,015593-070,1600,0
015593-070-01500,015593-070,1500,10
015593-070-01400,015593-070,1400,101
015593-070-01200,015593-070,1200,15
015593-067-00001,015593-067,1,0
015593-045-21200,015593-045,21200,1
015593-037-21200,015593-037,21200,0
015593-037-11200,015593-037,11200,1
015593-030-10600,015593-030,10600,4
015593-030-00600,015593-030,600,28
015593-022-01427,015593-022,1427,25
015593-022-01127,015593-022,1127,34
015593-022-00927,015593-022,927,10
015392-070-01500,015392-070,1500,52
015392-070-01200,015392-070,1200,32
014513-075-32082,014513-075,32082,2
014513-075-32052,014513-075,32052,10
014513-075-23082,014513-075,23082,1
014513-075-23052,014513-075,23052,6
014513-075-22052,014513-075,22052,0
014513-072-00001,014513-072,1,168
014513-071-00001,014513-071,1,19
014513-066-00001,014513-066,1,28
014513-061-00076,014513-061,76,3
014513-061-00046,014513-061,46,16
014513-060-00001,014513-060,1,0
014513-034-32082,014513-034,32082,0
014513-034-32052,014513-034,32052,0
014513-034-23052,014513-034,23052,0
014513-034-13082,014513-034,13082,0
014513-034-12082,014513-034,12082,0
014513-029-00001,014513-029,1,384
014513-021-00082,014513-021,82,3
014513-021-00052,014513-021,52,16
014510-053-00001,014510-053,1,5
014496-792-15011,014496-792,15011,0
014496-792-15002,014496-792,15002,8
014496-792-15001,014496-792,15001,7
014496-792-12002,014496-792,12002,0
014496-792-12001,014496-792,12001,1
014496-792-10012,014496-792,10012,0
014496-792-10002,014496-792,10002,7
014496-792-10001,014496-792,10001,3
014496-791-15002,014496-791,15002,28
014496-791-15001,014496-791,15001,50
014496-791-12002,014496-791,12002,15
014496-791-12001,014496-791,12001,9
014496-791-10002,014496-791,10002,2
014496-791-10001,014496-791,10001,2
014496-790-15002,014496-790,15002,0
014496-790-12002,014496-790,12002,24
014496-790-12001,014496-790,12001,24
014496-790-10002,014496-790,10002,22
014496-728-01500,014496-728,1500,186
014496-728-01200,014496-728,1200,146
014496-711-01122,014496-711,1122,48
014496-711-00922,014496-711,922,22
014496-698-00001,014496-698,1,26
014496-695-00001,014496-695,1,104
014496-693-00001,014496-693,1,70
014496-664-00600,014496-664,600,78
014496-664-00300,014496-664,300,2
014496-664-00100,014496-664,100,4
014496-612-01500,014496-612,1500,67
014496-612-01200,014496-612,1200,8
014496-612-01000,014496-612,1000,9
014496-557-01412,014496-557,1412,0
014496-557-01112,014496-557,1112,48
014496-557-00912,014496-557,912,22
014496-543-30005,014496-543,30005,0
014496-543-15005,014496-543,15005,93
014496-543-14505,014496-543,14505,3
014496-543-14005,014496-543,14005,15
014496-543-13505,014496-543,13505,5
014496-543-13005,014496-543,13005,4
014496-543-12505,014496-543,12505,4
014496-543-12005,014496-543,12005,5
014496-543-11505,014496-543,11505,3
014496-543-11005,014496-543,11005,1
014496-543-10505,014496-543,10505,0
014496-543-10005,014496-543,10005,5
014496-543-09505,014496-543,9505,6
014496-543-09005,014496-543,9005,8
014496-543-08505,014496-543,8505,6
014496-543-08005,014496-543,8005,17
014496-543-07505,014496-543,7505,4
014496-543-07005,014496-543,7005,2
014496-543-06505,014496-543,6505,15
014496-543-06005,014496-543,6005,4
014496-543-05505,014496-543,5505,1
014496-543-05005,014496-543,5005,4
014496-543-04505,014496-543,4505,24
014496-445-00008,014496-445,8,66
014496-445-00007,014496-445,7,109
014496-445-00006,014496-445,6,70
014496-357-01500,014496-357,1500,0
014496-357-01200,014496-357,1200,0
014496-343-04005,014496-343,4005,0
014496-343-04002,014496-343,4002,0
014496-343-03002,014496-343,3002,0
014496-343-02502,014496-343,2502,0
014496-331-00001,014496-331,1,0
014496-300-01000,014496-300,1000,68
014496-284-15498,014496-284,15498,0
014496-284-15398,014496-284,15398,0
014496-284-15225,014496-284,15225,158
014496-284-15152,014496-284,15152,21
014496-284-12498,014496-284,12498,6
014496-284-12398,014496-284,12398,0
014496-284-12298,014496-284,12298,0
014496-284-12248,014496-284,12248,0
014496-284-12225,014496-284,12225,42
014496-284-12152,014496-284,12152,0
014496-284-10225,014496-284,10225,8
014496-284-10152,014496-284,10152,14
014496-270-00300,014496-270,300,0
014496-268-00300,014496-268,300,0
014496-266-00300,014496-266,300,3
014496-243-00600,014496-243,600,16
014496-243-00300,014496-243,300,14
014496-243-00100,014496-243,100,4
014496-212-00001,014496-212,1,17
014496-211-00001,014496-211,1,0
014496-208-00001,014496-208,1,6
014496-206-00001,014496-206,1,18
014496-201-00001,014496-201,1,6
014496-194-30000,014496-194,30000,25
014496-194-25502,014496-194,25502,1
014496-194-24500,014496-194,24500,10
014496-194-23500,014496-194,23500,1
014496-194-23000,014496-194,23000,4
014496-194-21502,014496-194,21502,1
014496-194-21002,014496-194,21002,0
014496-194-20502,014496-194,20502,1
014496-194-19002,014496-194,19002,1
014496-194-18502,014496-194,18502,0
014496-194-18000,014496-194,18000,2
014496-194-16502,014496-194,16502,24
014496-194-16002,014496-194,16002,2
014496-194-15002,014496-194,15002,8
014496-194-15000,014496-194,15000,3
014496-194-14002,014496-194,14002,1
014496-194-13502,014496-194,13502,0
014496-194-12502,014496-194,12502,1
014496-194-12002,014496-194,12002,1
014496-194-10502,014496-194,10502,0
014496-194-10002,014496-194,10002,1
014496-194-09002,014496-194,9002,1
014496-194-08502,014496-194,8502,0
014496-194-08002,014496-194,8002,1
014496-194-08000,014496-194,8000,0
014496-194-07502,014496-194,7502,0
014496-194-07002,014496-194,7002,2
014496-194-06502,014496-194,6502,1
014496-194-05502,014496-194,5502,2
014496-194-05002,014496-194,5002,2
014496-194-04502,014496-194,4502,4
014496-064-30001,014496-064,30001,80
014496-059-30002,014496-059,30002,64
014496-059-30001,014496-059,30001,25
014496-059-26002,014496-059,26002,0
014496-059-25002,014496-059,25002,0
014496-059-24002,014496-059,24002,0
014496-059-24001,014496-059,24001,0
014496-059-23002,014496-059,23002,0
014496-059-21502,014496-059,21502,1
014496-059-20502,014496-059,20502,0
014496-059-20002,014496-059,20002,2
014496-059-18001,014496-059,18001,1
014496-059-17502,014496-059,17502,1
014496-059-16502,014496-059,16502,0
014496-059-16002,014496-059,16002,0
014496-059-16001,014496-059,16001,0
014496-059-15004,014496-059,15004,18
014496-059-15002,014496-059,15002,3
014496-059-15001,014496-059,15001,4
014496-059-14504,014496-059,14504,1
014496-059-14501,014496-059,14501,0
014496-059-14004,014496-059,14004,0
014496-059-14002,014496-059,14002,1
014496-059-14001,014496-059,14001,0
014496-059-13504,014496-059,13504,3
014496-059-13502,014496-059,13502,18
014496-059-13004,014496-059,13004,0
014496-059-13002,014496-059,13002,1
014496-059-12504,014496-059,12504,2
014496-059-12502,014496-059,12502,1
014496-059-12501,014496-059,12501,2
014496-059-12004,014496-059,12004,2
014496-059-12002,014496-059,12002,0
014496-059-11504,014496-059,11504,0
014496-059-11004,014496-059,11004,2
014496-059-10504,014496-059,10504,1
014496-059-10502,014496-059,10502,0
014496-059-10501,014496-059,10501,13
014496-059-10004,014496-059,10004,3
014496-059-10001,014496-059,10001,1
014496-059-09504,014496-059,9504,2
014496-059-09502,014496-059,9502,0
014496-059-09004,014496-059,9004,5
014496-059-09002,014496-059,9002,0
014496-059-08504,014496-059,8504,0
014496-059-08501,014496-059,8501,0
014496-059-08004,014496-059,8004,1
014496-059-08002,014496-059,8002,0
014496-059-08001,014496-059,8001,2
014496-059-07504,014496-059,7504,3
014496-059-07502,014496-059,7502,1
014496-059-07501,014496-059,7501,3
014496-059-07004,014496-059,7004,0
014496-059-07002,014496-059,7002,2
014496-059-07001,014496-059,7001,2
014496-059-06504,014496-059,6504,0
014496-059-06004,014496-059,6004,0
014496-059-05504,014496-059,5504,1
014496-059-05004,014496-059,5004,1
014496-059-05002,014496-059,5002,0
014496-059-04504,014496-059,4504,3
014496-059-04502,014496-059,4502,7
014496-046-15005,014496-046,15005,0
014496-046-14505,014496-046,14505,0
014496-046-14005,014496-046,14005,0
014496-046-13505,014496-046,13505,0
014496-046-13005,014496-046,13005,0
014496-046-12505,014496-046,12505,0
014496-046-12005,014496-046,12005,0
014496-046-11505,014496-046,11505,0
014496-046-11005,014496-046,11005,0
014496-046-10505,014496-046,10505,0
014496-046-10005,014496-046,10005,0
014496-046-09505,014496-046,9505,0
014496-046-09005,014496-046,9005,0
014496-046-08505,014496-046,8505,0
014496-046-08005,014496-046,8005,0
014496-046-07505,014496-046,7505,0
014496-046-07005,014496-046,7005,0
014496-046-06505,014496-046,6505,0
014496-046-06005,014496-046,6005,0
014496-046-05505,014496-046,5505,0
014496-046-05005,014496-046,5005,0
014496-046-04505,014496-046,4505,0
014496-045-30002,014496-045,30002,0
014496-045-30000,014496-045,30000,0
014496-045-28500,014496-045,28500,0
014496-045-25502,014496-045,25502,0
014496-045-24500,014496-045,24500,0
014496-045-24002,014496-045,24002,0
014496-045-24000,014496-045,24000,0
014496-045-23502,014496-045,23502,0
014496-045-23000,014496-045,23000,0
014496-045-22000,014496-045,22000,0
014496-045-21002,014496-045,21002,0
014496-045-20502,014496-045,20502,0
014496-045-19502,014496-045,19502,0
014496-045-19002,014496-045,19002,0
014496-045-17002,014496-045,17002,0
014496-045-16502,014496-045,16502,0
014496-045-16002,014496-045,16002,0
014496-045-15002,014496-045,15002,0
014496-045-15000,014496-045,15000,0
014496-045-14002,014496-045,14002,0
014496-045-13002,014496-045,13002,0
014496-045-12502,014496-045,12502,0
014496-045-12002,014496-045,12002,0
014496-045-11002,014496-045,11002,0
014496-045-10502,014496-045,10502,0
014496-045-10002,014496-045,10002,0
014496-045-09502,014496-045,9502,0
014496-045-09500,014496-045,9500,0
014496-045-09002,014496-045,9002,0
014496-045-08502,014496-045,8502,0
014496-045-08002,014496-045,8002,0
014496-045-08000,014496-045,8000,0
014496-045-07502,014496-045,7502,0
014496-045-07002,014496-045,7002,0
014496-045-06002,014496-045,6002,0
014496-045-05502,014496-045,5502,0
014496-045-05002,014496-045,5002,0
014496-045-04502,014496-045,4502,0
013870-054-00001,013870-054,1,61
013870-046-00001,013870-046,1,0
013870-028-00001,013870-028,1,0
013164-780-01500,013164-780,1500,0
013164-778-00160,013164-778,160,0
013164-763-30740,013164-763,30740,0
013164-760-03000,013164-760,3000,0
013164-760-02930,013164-760,2930,0
013164-760-02920,013164-760,2920,0
013164-760-02870,013164-760,2870,0
013164-760-02810,013164-760,2810,0
013164-760-02670,013164-760,2670,0
013164-760-02650,013164-760,2650,0
013164-760-02540,013164-760,2540,0
013164-760-02530,013164-760,2530,0
013164-760-02520,013164-760,2520,0
013164-760-02510,013164-760,2510,0
013164-760-02500,013164-760,2500,0
013164-760-02490,013164-760,2490,0
013164-760-02480,013164-760,2480,0
013164-760-02470,013164-760,2470,0
013164-760-02320,013164-760,2320,0
013164-760-02300,013164-760,2300,0
013164-760-02260,013164-760,2260,0
013164-760-02210,013164-760,2210,0
013164-760-02200,013164-760,2200,0
013164-760-02190,013164-760,2190,0
013164-760-02120,013164-760,2120,0
013164-760-02100,013164-760,2100,0
013164-760-02090,013164-760,2090,0
013164-760-02080,013164-760,2080,0
013164-760-01940,013164-760,1940,0
013164-760-01930,013164-760,1930,0
013164-760-01800,013164-760,1800,0
013164-760-01790,013164-760,1790,0
013164-760-01760,013164-760,1760,0
013164-760-01750,013164-760,1750,0
013164-760-01660,013164-760,1660,0
013164-760-01520,013164-760,1520,0
013164-760-01510,013164-760,1510,0
013164-760-00980,013164-760,980,0
013164-760-00960,013164-760,960,0
013164-760-00920,013164-760,920,0
013164-760-00520,013164-760,520,0
013164-760-00500,013164-760,500,0
013164-713-32980,013164-713,32980,0
013164-713-31940,013164-713,31940,0
013164-713-31920,013164-713,31920,0
013164-713-31520,013164-713,31520,0
013164-713-31160,013164-713,31160,0
013164-713-31020,013164-713,31020,0
013164-713-30920,013164-713,30920,0
013164-710-03000,013164-710,3000,0
013164-710-02960,013164-710,2960,0
013164-710-02920,013164-710,2920,0
013164-710-02900,013164-710,2900,0
013164-710-02880,013164-710,2880,0
013164-710-02840,013164-710,2840,0
013164-710-02820,013164-710,2820,0
013164-710-02800,013164-710,2800,0
013164-710-02760,013164-710,2760,0
013164-710-02740,013164-710,2740,0
013164-710-02720,013164-710,2720,0
013164-710-02700,013164-710,2700,0
013164-710-02660,013164-710,2660,0
013164-710-02600,013164-710,2600,0
013164-710-02580,013164-710,2580,0
013164-710-02560,013164-710,2560,0
013164-710-02540,013164-710,2540,0
013164-710-02520,013164-710,2520,0
013164-710-02400,013164-710,2400,0
013164-710-02380,013164-710,2380,0
013164-710-02360,013164-710,2360,0
013164-710-02340,013164-710,2340,0
013164-710-02220,013164-710,2220,0
013164-710-02160,013164-710,2160,0
013164-710-02100,013164-710,2100,0
013164-710-01900,013164-710,1900,0
013164-710-01760,013164-710,1760,0
013164-710-01620,013164-710,1620,0
013164-710-01600,013164-710,1600,0
013164-710-01580,013164-710,1580,0
013164-710-01460,013164-710,1460,0
013164-710-01400,013164-710,1400,0
013164-710-01380,013164-710,1380,0
013164-710-01340,013164-710,1340,0
013164-710-01300,013164-710,1300,0
013164-710-01260,013164-710,1260,0
013164-710-01240,013164-710,1240,0
013164-710-01080,013164-710,1080,0
013164-710-01060,013164-710,1060,0
013164-710-01040,013164-710,1040,0
013164-710-01020,013164-710,1020,0
013164-710-01000,013164-710,1000,0
013164-710-00980,013164-710,980,0
013164-710-00940,013164-710,940,0
013164-710-00920,013164-710,920,0
013164-710-00900,013164-710,900,0
013164-710-00880,013164-710,880,0
013164-710-00860,013164-710,860,0
013164-710-00820,013164-710,820,0
013164-710-00780,013164-710,780,0
013164-710-00760,013164-710,760,0
013164-710-00740,013164-710,740,0
013164-710-00720,013164-710,720,0
013164-710-00700,013164-710,700,0
013164-710-00640,013164-710,640,0
013164-710-00600,013164-710,600,0
013164-710-00560,013164-710,560,0
013164-710-00500,013164-710,500,0
013164-683-13001,013164-683,13001,0
013164-683-10004,013164-683,10004,0
013164-683-10002,013164-683,10002,0
013164-683-10001,013164-683,10001,0
013164-630-20654,013164-630,20654,0
013164-630-10654,013164-630,10654,0
013164-628-21070,013164-628,21070,0
013164-628-11070,013164-628,11070,0
013164-583-10004,013164-583,10004,0
013164-583-10002,013164-583,10002,0
013164-583-10001,013164-583,10001,0
013164-570-10099,013164-570,10099,0
013164-520-00001,013164-520,1,0
013164-515-00001,013164-515,1,0
013164-514-00001,013164-514,1,0
013164-513-00001,013164-513,1,0
013164-494-00001,013164-494,1,0
013164-493-00001,013164-493,1,0
013164-471-21202,013164-471,21202,0
013164-471-11202,013164-471,11202,0
013164-471-10300,013164-471,10300,0
013164-471-01202,013164-471,1202,0
013164-414-00022,013164-414,22,0
013164-414-00021,013164-414,21,0
013164-293-40250,013164-293,40250,0
013164-292-70350,013164-292,70350,0
013164-292-40350,013164-292,40350,0
013164-230-03000,013164-230,3000,0
013164-230-02700,013164-230,2700,0
013164-230-02250,013164-230,2250,0
013164-195-13011,013164-195,13011,0
013164-195-10012,013164-195,10012,0
013164-195-10011,013164-195,10011,0
013164-190-13011,013164-190,13011,0
013164-190-10013,013164-190,10013,0
013164-190-10012,013164-190,10012,0
013164-190-10011,013164-190,10011,0
013164-059-01300,013164-059,1300,0
013164-059-01000,013164-059,1000,0
013164-043-13000,013164-043,13000,0
013164-043-10000,013164-043,10000,0
013162-139-00001,013162-139,1,104
013162-087-00300,013162-087,300,0
013162-087-00100,013162-087,100,27
013162-083-00001,013162-083,1,0
013162-030-10300,013162-030,10300,7625
013162-030-10100,013162-030,10100,2495
013162-030-00300,013162-030,300,0
013162-030-00100,013162-030,100,0
013162-021-00001,013162-021,1,104
013107-256-03000,013107-256,3000,64
013107-256-02850,013107-256,2850,0
013107-256-02600,013107-256,2600,2
013107-256-02400,013107-256,2400,0
013107-256-02300,013107-256,2300,2
013107-256-02000,013107-256,2000,2
013107-256-01950,013107-256,1950,2
013107-256-01900,013107-256,1900,0
013107-256-01800,013107-256,1800,3
013107-256-01600,013107-256,1600,0
013107-256-01500,013107-256,1500,16
013107-256-01450,013107-256,1450,0
013107-256-01350,013107-256,1350,2
013107-256-01250,013107-256,1250,4
013107-256-01100,013107-256,1100,0
013107-256-01050,013107-256,1050,0
013107-256-01000,013107-256,1000,2
013107-256-00900,013107-256,900,0
013107-256-00800,013107-256,800,0
013107-256-00750,013107-256,750,6
013107-256-00450,013107-256,450,2
013070-011-00190,013070-011,190,0
013070-011-00120,013070-011,120,0
013070-011-00090,013070-011,90,0
013070-010-00190,013070-010,190,0
013070-010-00120,013070-010,120,0
013070-010-00090,013070-010,90,0
013070-009-00001,013070-009,1,0
013070-008-00001,013070-008,1,0
013064-998-01020,013064-998,1020,28
013064-998-00820,013064-998,820,58
013064-998-00720,013064-998,720,330
013064-998-00620,013064-998,620,1410
013064-998-00520,013064-998,520,1398
013064-973-10760,013064-973,10760,0
013064-973-10560,013064-973,10560,1
013064-973-10460,013064-973,10460,75
013064-973-00860,013064-973,860,0
013064-973-00760,013064-973,760,6
013064-973-00660,013064-973,660,6
013064-973-00560,013064-973,560,0
013064-973-00490,013064-973,490,0
013064-973-00478,013064-973,478,0
013064-973-00460,013064-973,460,0
013064-936-00001,013064-936,1,1070
013064-931-12100,013064-931,12100,0
013064-917-10760,013064-917,10760,7
013064-917-10660,013064-917,10660,382
013064-917-10560,013064-917,10560,42
013064-917-10460,013064-917,10460,864
013064-917-00960,013064-917,960,0
013064-917-00760,013064-917,760,32
013064-917-00660,013064-917,660,62
013064-917-00560,013064-917,560,1036
013064-917-00522,013064-917,522,0
013064-917-00488,013064-917,488,0
013064-917-00460,013064-917,460,1293
013064-889-00859,013064-889,859,0
013064-889-00659,013064-889,659,0
013064-884-00002,013064-884,2,0
013064-884-00001,013064-884,1,0
013064-848-00001,013064-848,1,0
013064-798-00560,013064-798,560,0
013064-798-00460,013064-798,460,14
013064-782-00001,013064-782,1,4319
013064-781-00001,013064-781,1,197
013064-749-00795,013064-749,795,448
013064-702-00644,013064-702,644,0
013064-702-00544,013064-702,544,0
013064-702-00444,013064-702,444,0
013064-687-00958,013064-687,958,142
013064-687-00858,013064-687,858,570
013064-687-00758,013064-687,758,1084
013064-687-00658,013064-687,658,189
013064-687-00558,013064-687,558,3947
013064-687-00458,013064-687,458,9310
013064-682-11002,013064-682,11002,1
013064-682-01002,013064-682,1002,1
013064-643-00660,013064-643,660,0
013064-643-00560,013064-643,560,0
013064-643-00460,013064-643,460,0
013064-613-12062,013064-613,12062,0
013064-613-11062,013064-613,11062,8
013064-560-10720,013064-560,10720,1
013064-560-10620,013064-560,10620,0
013064-560-10520,013064-560,10520,14
013064-560-01020,013064-560,1020,1
013064-560-00720,013064-560,720,0
013064-560-00620,013064-560,620,1
013064-560-00520,013064-560,520,0
013064-558-00001,013064-558,1,3375
013064-552-00001,013064-552,1,24
013064-539-00001,013064-539,1,18
013064-506-00001,013064-506,1,48
013064-478-00001,013064-478,1,0
013064-473-00001,013064-473,1,494
013064-407-10001,013064-407,10001,10
013064-407-00001,013064-407,1,34
013064-397-00096,013064-397,96,24
013064-397-00086,013064-397,86,89
013064-397-00076,013064-397,76,121
013064-397-00066,013064-397,66,64
013064-397-00056,013064-397,56,590
013064-397-00046,013064-397,46,740
013064-396-75096,013064-396,75096,127
013064-396-75086,013064-396,75086,214
013064-396-75076,013064-396,75076,462
013064-396-75066,013064-396,75066,423
013064-396-75056,013064-396,75056,2074
013064-395-75146,013064-395,75146,3607
013064-395-52196,013064-395,52196,5
013064-395-52186,013064-395,52186,1
013064-395-52176,013064-395,52176,18
013064-395-52166,013064-395,52166,16
013064-395-52156,013064-395,52156,111
013064-395-52146,013064-395,52146,139
013064-395-37196,013064-395,37196,0
013064-395-37186,013064-395,37186,1
013064-395-37176,013064-395,37176,12
013064-395-37166,013064-395,37166,13
013064-395-37156,013064-395,37156,32
013064-395-37146,013064-395,37146,91
013064-395-30196,013064-395,30196,0
013064-395-30186,013064-395,30186,5
013064-395-30176,013064-395,30176,19
013064-395-30166,013064-395,30166,30
013064-395-30156,013064-395,30156,188
013064-395-30146,013064-395,30146,172
013064-395-22196,013064-395,22196,11
013064-395-22186,013064-395,22186,79
013064-395-22176,013064-395,22176,67
013064-395-22166,013064-395,22166,49
013064-395-22156,013064-395,22156,237
013064-395-22146,013064-395,22146,258
013064-395-15146,013064-395,15146,0
013064-395-07196,013064-395,7196,6
013064-395-07186,013064-395,7186,1
013064-395-07176,013064-395,7176,27
013064-395-07166,013064-395,7166,13
013064-395-07156,013064-395,7156,42
013064-395-07146,013064-395,7146,181
013064-371-01198,013064-371,1198,7
013064-349-00001,013064-349,1,0
013064-339-00001,013064-339,1,8
013064-085-00560,013064-085,560,0
013064-060-11020,013064-060,11020,0
013064-060-10720,013064-060,10720,0
013064-060-10620,013064-060,10620,10
013064-060-01020,013064-060,1020,0
013064-060-00920,013064-060,920,12
013064-060-00720,013064-060,720,12
013064-060-00620,013064-060,620,3
013064-060-00520,013064-060,520,22
013064-023-02400,013064-023,2400,0
013064-023-01800,013064-023,1800,23
013064-023-01500,013064-023,1500,0
013064-023-01200,013064-023,1200,29
013064-023-00900,013064-023,900,0
013064-021-30732,013064-021,30732,14
013064-021-30632,013064-021,30632,23
013064-021-20632,013064-021,20632,11
013064-019-30076,013064-019,30076,0
013064-019-21076,013064-019,21076,14
013064-019-15076,013064-019,15076,6
013064-018-30066,013064-018,30066,2
013064-018-21066,013064-018,21066,7
013064-018-15066,013064-018,15066,23
013064-017-00001,013064-017,1,138
013064-003-00520,013064-003,520,28
012806-075-00145,012806-075,145,152
012634-039-30001,012634-039,30001,228
012632-998-00001,012632-998,1,49458
012632-997-01020,012632-997,1020,83
012632-997-00920,012632-997,920,143
012632-997-00820,012632-997,820,337
012632-997-00720,012632-997,720,568
012632-997-00620,012632-997,620,2271
012632-997-00520,012632-997,520,4535
012632-964-00458,012632-964,458,779
012632-958-00958,012632-958,958,0
012632-958-00858,012632-958,858,0
012632-958-00758,012632-958,758,355
012632-958-00725,012632-958,725,0
012632-958-00716,012632-958,716,0
012632-958-00708,012632-958,708,0
012632-958-00692,012632-958,692,0
012632-958-00664,012632-958,664,0
012632-958-00658,012632-958,658,1384
012632-958-00633,012632-958,633,0
012632-958-00621,012632-958,621,0
012632-958-00588,012632-958,588,0
012632-958-00577,012632-958,577,0
012632-958-00558,012632-958,558,6780
012632-958-00553,012632-958,553,0
012632-958-00542,012632-958,542,0
012632-958-00534,012632-958,534,0
012632-958-00518,012632-958,518,0
012632-958-00491,012632-958,491,0
012632-958-00483,012632-958,483,0
012632-958-00458,012632-958,458,12392
012632-958-00448,012632-958,448,0
012632-958-00416,012632-958,416,0
012632-958-00414,012632-958,414,0
012632-958-00408,012632-958,408,0
012632-958-00380,012632-958,380,0
012632-958-00362,012632-958,362,0
012632-958-00345,012632-958,345,0
012632-958-00333,012632-958,333,0
012632-958-00318,012632-958,318,0
012632-958-00311,012632-958,311,0
012632-958-00275,012632-958,275,0
012632-958-00258,012632-958,258,0
012632-958-00241,012632-958,241,0
012632-958-00232,012632-958,232,0
012632-958-00206,012632-958,206,0
012632-958-00188,012632-958,188,0
012632-958-00183,012632-958,183,0
012632-958-00172,012632-958,172,0
012632-958-00145,012632-958,145,0
012632-958-00137,012632-958,137,0
012632-958-00108,012632-958,108,0
012632-907-00002,012632-907,2,0
012632-907-00001,012632-907,1,33104
012632-906-00001,012632-906,1,33506
012632-905-30238,012632-905,30238,0
012632-905-30118,012632-905,30118,0
012632-905-30038,012632-905,30038,79
012632-898-11001,012632-898,11001,1
012632-898-01001,012632-898,1001,1
012632-896-00520,012632-896,520,1
012632-885-00958,012632-885,958,0
012632-885-00758,012632-885,758,0
012632-885-00658,012632-885,658,152
012632-885-00558,012632-885,558,705
012632-885-00458,012632-885,458,259
012632-876-00001,012632-876,1,0
012632-875-00001,012632-875,1,0
012632-871-00002,012632-871,2,0
012632-850-00001,012632-850,1,0
012632-847-45960,012632-847,45960,4
012632-847-45660,012632-847,45660,22
012632-847-45560,012632-847,45560,17
012632-847-45460,012632-847,45460,262
012632-847-30760,012632-847,30760,6
012632-847-30660,012632-847,30660,12
012632-847-30560,012632-847,30560,4
012632-847-30460,012632-847,30460,26
012632-841-00520,012632-841,520,1
012632-819-21024,012632-819,21024,0
012632-819-21013,012632-819,21013,0
012632-819-21012,012632-819,21012,0
012632-819-20625,012632-819,20625,0
012632-819-20612,012632-819,20612,0
012632-818-21012,012632-818,21012,0
012632-818-20625,012632-818,20625,0
012632-818-20624,012632-818,20624,0
012632-818-20612,012632-818,20612,0
012632-817-21025,012632-817,21025,0
012632-817-21014,012632-817,21014,0
012632-816-21025,012632-816,21025,0
012632-816-21014,012632-816,21014,0
012632-816-20615,012632-816,20615,0
012632-761-00001,012632-761,1,2587
012632-760-00001,012632-760,1,0
012632-683-00001,012632-683,1,238097
012632-675-00001,012632-675,1,0
012632-539-00520,012632-539,520,74
012632-502-00001,012632-502,1,0
012632-427-00920,012632-427,920,4
012632-427-00820,012632-427,820,6
012632-427-00620,012632-427,620,0
012632-427-00520,012632-427,520,90
012632-409-00852,012632-409,852,5
012632-409-00652,012632-409,652,1
012632-394-50624,012632-394,50624,0
012632-394-40614,012632-394,40614,0
012632-392-10150,012632-392,10150,0
012632-386-10111,012632-386,10111,0
012632-365-11130,012632-365,11130,0
012632-365-11090,012632-365,11090,9
012632-365-11060,012632-365,11060,34
012632-365-11045,012632-365,11045,43
012632-365-11030,012632-365,11030,0
012632-365-10130,012632-365,10130,23
012632-365-10090,012632-365,10090,8
012632-365-10060,012632-365,10060,32
012632-365-10045,012632-365,10045,65
012632-365-10030,012632-365,10030,0
012632-365-01150,012632-365,1150,1
012632-365-01130,012632-365,1130,0
012632-365-01090,012632-365,1090,20
012632-365-01060,012632-365,1060,27
012632-365-01045,012632-365,1045,16
012632-365-01020,012632-365,1020,0
012632-365-00130,012632-365,130,3
012632-365-00090,012632-365,90,15
012632-365-00060,012632-365,60,29
012632-365-00045,012632-365,45,48
012632-365-00030,012632-365,30,0
012632-357-11090,012632-357,11090,0
012632-357-11045,012632-357,11045,0
012632-357-10130,012632-357,10130,0
012632-357-10090,012632-357,10090,0
012632-357-10060,012632-357,10060,0
012632-357-10045,012632-357,10045,0
012632-357-01130,012632-357,1130,0
012632-357-01090,012632-357,1090,0
012632-357-01060,012632-357,1060,0
012632-357-01045,012632-357,1045,0
012632-357-00090,012632-357,90,0
012632-357-00060,012632-357,60,0
012632-357-00045,012632-357,45,0
012632-352-00001,012632-352,1,0
012632-251-10460,012632-251,10460,3
012632-251-00660,012632-251,660,23
012632-251-00460,012632-251,460,155
012632-238-10620,012632-238,10620,0
012632-238-10520,012632-238,10520,0
012632-224-00001,012632-224,1,8
012632-223-00001,012632-223,1,209
012632-222-00003,012632-222,3,3
012632-222-00002,012632-222,2,0
012632-222-00001,012632-222,1,314
012632-209-01020,012632-209,1020,1
012632-209-00920,012632-209,920,24
012632-209-00820,012632-209,820,9
012632-209-00720,012632-209,720,70
012632-209-00620,012632-209,620,15
012632-209-00520,012632-209,520,34
012632-208-70041,012632-208,70041,0
012632-208-40038,012632-208,40038,0
012632-208-30041,012632-208,30041,0
012632-208-30035,012632-208,30035,0
012632-208-20047,012632-208,20047,0
012632-208-20044,012632-208,20044,0
012632-208-20041,012632-208,20041,0
012632-208-20028,012632-208,20028,0
012632-174-00600,012632-174,600,0
012632-174-00300,012632-174,300,20
012632-173-60300,012632-173,60300,0
012632-173-60090,012632-173,60090,0
012632-173-30060,012632-173,30060,0
012632-169-90072,012632-169,90072,0
012632-169-90062,012632-169,90062,7
012632-169-90052,012632-169,90052,124
012632-169-60072,012632-169,60072,5
012632-169-60062,012632-169,60062,2
012632-169-60052,012632-169,60052,5
012632-169-45082,012632-169,45082,0
012632-169-45072,012632-169,45072,3
012632-169-45062,012632-169,45062,3
012632-169-45052,012632-169,45052,20
012632-169-30082,012632-169,30082,3
012632-169-30072,012632-169,30072,1
012632-169-30052,012632-169,30052,16
012632-168-90000,012632-168,90000,131
012632-168-60000,012632-168,60000,12
012632-168-45000,012632-168,45000,26
012632-168-30000,012632-168,30000,8
012632-166-00135,012632-166,135,0
012632-164-10155,012632-164,10155,98
012632-164-10055,012632-164,10055,6
012632-164-00155,012632-164,155,13137
012632-164-00055,012632-164,55,114
012632-160-00001,012632-160,1,16
012632-157-10001,012632-157,10001,0
012632-157-00001,012632-157,1,375
012632-148-07596,012632-148,7596,3
012632-148-07576,012632-148,7576,15
012632-148-07556,012632-148,7556,769
012632-148-07546,012632-148,7546,47
012632-141-10520,012632-141,10520,1248
012632-140-30820,012632-140,30820,11
012632-140-30720,012632-140,30720,133
012632-140-30620,012632-140,30620,226
012632-140-30520,012632-140,30520,85
012632-140-21020,012632-140,21020,43
012632-140-20920,012632-140,20920,68
012632-140-20820,012632-140,20820,147
012632-140-20720,012632-140,20720,8
012632-140-20620,012632-140,20620,580
012632-140-20520,012632-140,20520,962
012632-131-00820,012632-131,820,6
012632-131-00720,012632-131,720,6
012632-131-00620,012632-131,620,12
012632-104-02102,012632-104,2102,1
012632-104-02062,012632-104,2062,3
012632-104-01082,012632-104,1082,1
012632-104-01072,012632-104,1072,0
012632-104-01062,012632-104,1062,0
012632-103-02102,012632-103,2102,1
012632-103-02062,012632-103,2062,3
012632-103-01102,012632-103,1102,1
012632-103-01082,012632-103,1082,2
012632-103-01072,012632-103,1072,5
012632-096-00140,012632-096,140,1
012632-095-00001,012632-095,1,272
012632-094-00150,012632-094,150,2506
012632-094-00075,012632-094,75,108
012632-092-06204,012632-092,6204,1
012632-092-05204,012632-092,5204,111
012632-085-01020,012632-085,1020,4
012632-085-00920,012632-085,920,2
012632-085-00820,012632-085,820,28
012632-085-00720,012632-085,720,6
012632-085-00620,012632-085,620,81
012632-085-00520,012632-085,520,140
012632-084-11020,012632-084,11020,0
012632-084-10820,012632-084,10820,0
012632-084-10720,012632-084,10720,0
012632-084-10620,012632-084,10620,46
012632-084-10520,012632-084,10520,16
012632-082-11020,012632-082,11020,2
012632-082-10920,012632-082,10920,0
012632-082-10820,012632-082,10820,7
012632-082-10720,012632-082,10720,25
012632-082-10620,012632-082,10620,51
012632-082-10520,012632-082,10520,27
012632-082-00820,012632-082,820,3
012632-082-00520,012632-082,520,10
012632-064-00820,012632-064,820,6
012632-064-00720,012632-064,720,1
012632-064-00620,012632-064,620,17
012632-064-00520,012632-064,520,53
012632-063-01020,012632-063,1020,2
012632-063-00820,012632-063,820,3
012632-063-00720,012632-063,720,9
012632-063-00620,012632-063,620,147
012632-063-00520,012632-063,520,34
012632-057-06204,012632-057,6204,2
012632-057-05204,012632-057,5204,222
012632-055-01020,012632-055,1020,15
012632-055-00920,012632-055,920,35
012632-055-00820,012632-055,820,58
012632-055-00720,012632-055,720,66
012632-055-00620,012632-055,620,398
012632-055-00520,012632-055,520,461
012632-050-01020,012632-050,1020,3
012632-050-00920,012632-050,920,26
012632-050-00820,012632-050,820,25
012632-050-00720,012632-050,720,0
012632-050-00620,012632-050,620,84
012632-050-00520,012632-050,520,116
012632-044-13029,012632-044,13029,0
012632-043-13000,012632-043,13000,56
012632-015-17035,012632-015,17035,21152
012632-015-17016,012632-015,17016,0
012632-007-00960,012632-007,960,5
012632-007-00860,012632-007,860,0
012632-007-00760,012632-007,760,48
012632-007-00660,012632-007,660,421
012632-007-00560,012632-007,560,750
012632-007-00460,012632-007,460,2167
012632-006-00001,012632-006,1,8720
012632-005-01020,012632-005,1020,6
012632-005-00920,012632-005,920,0
012632-005-00820,012632-005,820,41
012632-005-00720,012632-005,720,246
012632-005-00620,012632-005,620,410
012632-005-00520,012632-005,520,879
012632-002-04200,012632-002,4200,658
012632-002-03000,012632-002,3000,8024
012632-002-01500,012632-002,1500,2321
012632-001-02100,012632-001,2100,0
012632-001-01650,012632-001,1650,0
012632-001-00825,012632-001,825,0
012632-001-00600,012632-001,600,0
012632-001-00525,012632-001,525,0
012608-087-00002,012608-087,2,3
012608-087-00001,012608-087,1,3
012608-066-10700,012608-066,10700,6
012608-066-00700,012608-066,700,0
012608-028-06035,012608-028,6035,0
012201-084-61110,012201-084,61110,1
012201-084-30910,012201-084,30910,2
012201-084-11410,012201-084,11410,1
012201-035-00630,012201-035,630,0
012201-001-01500,012201-001,1500,92
012201-001-01200,012201-001,1200,103
012100-760-15070,012100-760,15070,0
012100-760-11070,012100-760,11070,9
012100-759-11070,012100-759,11070,0
011565-555-00001,011565-555,1,0
011509-242-00600,011509-242,600,11
011508-045-11422,011508-045,11422,81
011508-045-11122,011508-045,11122,23
011508-045-10922,011508-045,10922,4
011508-011-01500,011508-011,1500,0
011508-011-01200,011508-011,1200,0
011507-657-40000,011507-657,40000,30
011507-657-20000,011507-657,20000,30
011507-657-10000,011507-657,10000,3
011507-450-60000,011507-450,60000,0
011507-450-30000,011507-450,30000,0
011507-023-01500,011507-023,1500,42
011507-023-01200,011507-023,1200,15
011507-023-01000,011507-023,1000,3
011488-183-13000,011488-183,13000,0
011488-183-10000,011488-183,10000,0
011488-179-13000,011488-179,13000,0
011488-179-10000,011488-179,10000,0
011488-173-00577,011488-173,577,0
011488-159-09211,011488-159,9211,0
011488-159-09210,011488-159,9210,4
011488-159-08211,011488-159,8211,10
011488-159-08210,011488-159,8210,27
011488-159-06210,011488-159,6210,73
011488-159-05210,011488-159,5210,81
011488-119-00001,011488-119,1,0
011488-117-00001,011488-117,1,0
011488-115-13020,011488-115,13020,0
011488-115-13010,011488-115,13010,0
011488-115-13000,011488-115,13000,0
011488-115-10020,011488-115,10020,0
011488-115-10010,011488-115,10010,0
011488-115-10000,011488-115,10000,0
011488-110-30000,011488-110,30000,0
011488-110-27000,011488-110,27000,0
011488-110-22500,011488-110,22500,0
011488-058-00759,011488-058,759,0
011488-058-00559,011488-058,559,0
011488-058-00459,011488-058,459,0
010226-010-20060,010226-010,20060,971
010226-010-20040,010226-010,20040,1957
010226-010-20032,010226-010,20032,0
010193-114-00530,010193-114,530,0
010193-114-00280,010193-114,280,0
010193-113-40035,010193-113,40035,0
010193-113-30050,010193-113,30050,0
010193-113-30047,010193-113,30047,0
010193-113-30044,010193-113,30044,0
010193-113-30041,010193-113,30041,0
010193-113-30032,010193-113,30032,0
010193-113-20041,010193-113,20041,4
010193-113-20038,010193-113,20038,0
010193-113-20032,010193-113,20032,0
010193-071-00002,010193-071,2,4
010193-071-00001,010193-071,1,4
010193-031-00001,010193-031,1,0
010193-029-07083,010193-029,7083,0
010193-029-07075,010193-029,7075,0
010193-029-07060,010193-029,7060,0
010193-029-06083,010193-029,6083,9
010193-029-06075,010193-029,6075,0
010193-029-05105,010193-029,5105,0
010193-029-05098,010193-029,5098,0
010193-029-05090,010193-029,5090,0
010193-029-05083,010193-029,5083,67
010193-029-05075,010193-029,5075,8
010193-029-05068,010193-029,5068,1
010193-029-05060,010193-029,5060,0
010193-029-05053,010193-029,5053,32
010193-029-05045,010193-029,5045,0
010193-029-05038,010193-029,5038,0
010193-029-04193,010193-029,4193,0
010193-029-04083,010193-029,4083,16
010193-029-04075,010193-029,4075,0
010193-029-04060,010193-029,4060,0
010193-029-04038,010193-029,4038,13
010193-029-03268,010193-029,3268,0
010193-029-03218,010193-029,3218,0
010193-029-03193,010193-029,3193,0
010193-029-03143,010193-029,3143,0
010193-029-03135,010193-029,3135,0
010193-029-03120,010193-029,3120,0
010193-029-03090,010193-029,3090,0
010193-029-03083,010193-029,3083,97
010193-029-03075,010193-029,3075,8
010193-029-03068,010193-029,3068,9
010193-029-03060,010193-029,3060,333
010193-029-03053,010193-029,3053,217
010193-029-03045,010193-029,3045,73
010193-029-03038,010193-029,3038,0
010193-029-02243,010193-029,2243,0
010193-029-02193,010193-029,2193,21
010193-029-02128,010193-029,2128,5
010193-029-02120,010193-029,2120,15
010193-029-02113,010193-029,2113,9
010193-029-02105,010193-029,2105,10
010193-029-02098,010193-029,2098,1
010193-029-02090,010193-029,2090,7
010193-029-02083,010193-029,2083,483
010193-029-02075,010193-029,2075,21
010193-029-02068,010193-029,2068,22
010193-029-02060,010193-029,2060,87
010193-029-02053,010193-029,2053,136
010193-029-02045,010193-029,2045,27
010193-029-02038,010193-029,2038,36
010193-026-01710,010193-026,1710,0
010193-026-01310,010193-026,1310,0
010193-026-01110,010193-026,1110,6
010193-026-00910,010193-026,910,33
010193-026-00810,010193-026,810,24
010193-026-00710,010193-026,710,109
010193-026-00610,010193-026,610,166
010193-026-00510,010193-026,510,0
010193-023-00002,010193-023,2,17
010193-023-00001,010193-023,1,911
010193-021-03082,010193-021,3082,66
010193-021-03052,010193-021,3052,0
010193-014-00001,010193-014,1,0
010193-012-01710,010193-012,1710,39
010193-012-01510,010193-012,1510,0
010193-012-01310,010193-012,1310,160
010193-011-13082,010193-011,13082,33
010193-007-01200,010193-007,1200,0
010193-007-01050,010193-007,1050,0
010193-007-00825,010193-007,825,27
010193-007-00750,010193-007,750,0
010193-007-00675,010193-007,675,6
010193-007-00600,010193-007,600,0
010193-007-00525,010193-007,525,24
010193-007-00375,010193-007,375,0
010193-005-00001,010193-005,1,0
010193-001-01110,010193-001,1110,202
010193-001-01010,010193-001,1010,26
010193-001-00910,010193-001,910,327
010193-001-00810,010193-001,810,66
010193-001-00710,010193-001,710,865
010193-001-00610,010193-001,610,1356
010192-036-00150,010192-036,150,442
010188-062-01020,010188-062,1020,0
010188-058-00958,010188-058,958,0
010188-058-00558,010188-058,558,0
010188-057-00040,010188-057,40,0
010188-057-00030,010188-057,30,0
010188-054-01020,010188-054,1020,0
010188-053-01020,010188-053,1020,0
010188-052-01020,010188-052,1020,0
010188-052-00620,010188-052,620,0
010188-051-00620,010188-051,620,0
010188-032-00001,010188-032,1,7
009847-313-00600,009847-313,600,0
009847-278-00001,009847-278,1,142
009847-264-00600,009847-264,600,0
009650-075-00001,009650-075,1,28
009570-218-00001,009570-218,1,14
009570-213-01500,009570-213,1500,0
009570-213-01200,009570-213,1200,0
009570-212-01000,009570-212,1000,0
009570-211-63000,009570-211,63000,20
009570-211-62550,009570-211,62550,0
009570-211-61600,009570-211,61600,0
009570-211-61500,009570-211,61500,4
009570-211-61400,009570-211,61400,12
009570-211-61350,009570-211,61350,0
009570-211-61300,009570-211,61300,0
009570-211-61250,009570-211,61250,2
009570-211-61200,009570-211,61200,1
009570-211-61150,009570-211,61150,0
009570-211-61100,009570-211,61100,1
009570-211-61050,009570-211,61050,1
009570-211-61000,009570-211,61000,1
009570-211-60950,009570-211,60950,1
009570-211-60900,009570-211,60900,0
009570-211-60850,009570-211,60850,0
009570-211-60800,009570-211,60800,15
009570-211-60750,009570-211,60750,4
009570-211-60550,009570-211,60550,0
009570-211-60500,009570-211,60500,0
009570-211-60450,009570-211,60450,0
009570-211-33000,009570-211,33000,0
009570-211-31500,009570-211,31500,1
009570-211-30900,009570-211,30900,0
009570-211-30700,009570-211,30700,0
009570-211-30450,009570-211,30450,0
009570-210-60000,009570-210,60000,0
009570-209-63000,009570-209,63000,0
009570-209-61250,009570-209,61250,0
009570-208-63000,009570-208,63000,2
009570-208-60850,009570-208,60850,0
009570-208-30950,009570-208,30950,0
009570-176-60448,009570-176,60448,0
009570-172-60448,009570-172,60448,0
009570-170-60448,009570-170,60448,0
009527-129-00558,009527-129,558,0
009527-119-00001,009527-119,1,4
009527-118-00001,009527-118,1,3
009527-068-00001,009527-068,1,0
009527-064-00001,009527-064,1,0
009527-057-00001,009527-057,1,0
009527-053-03748,009527-053,3748,0
009527-021-20715,009527-021,20715,12
009527-020-20715,009527-020,20715,12
009249-826-00001,009249-826,1,0
009249-771-00110,009249-771,110,0
009249-771-00030,009249-771,30,2
009249-771-00010,009249-771,10,77
009249-766-00001,009249-766,1,9875
009249-765-00250,009249-765,250,0
009249-746-00190,009249-746,190,24
009249-746-00150,009249-746,150,23
009249-746-00090,009249-746,90,84
009249-745-00190,009249-745,190,24
009249-745-00150,009249-745,150,42
009249-745-00090,009249-745,90,110
009249-735-50625,009249-735,50625,8
009249-735-50624,009249-735,50624,0
009249-735-40624,009249-735,40624,28
009249-717-00145,009249-717,145,0
009249-696-20633,009249-696,20633,8
009249-684-21025,009249-684,21025,0
009249-684-21024,009249-684,21024,6
009249-684-21013,009249-684,21013,2
009249-684-21012,009249-684,21012,7
009249-684-20612,009249-684,20612,12
009249-683-21024,009249-683,21024,0
009249-683-21013,009249-683,21013,0
009249-683-21012,009249-683,21012,1
009249-683-20625,009249-683,20625,3
009249-683-20612,009249-683,20612,1
009249-682-21025,009249-682,21025,2
009249-682-21014,009249-682,21014,4
009249-682-20614,009249-682,20614,0
009249-681-21025,009249-681,21025,1
009249-681-21014,009249-681,21014,3
009249-679-21043,009249-679,21043,0
009249-679-21023,009249-679,21023,4
009249-679-20627,009249-679,20627,2
009249-679-20624,009249-679,20624,4
009249-679-20623,009249-679,20623,3
009249-679-20622,009249-679,20622,141
009249-679-20322,009249-679,20322,1
009249-678-20624,009249-678,20624,5
009249-678-20623,009249-678,20623,2
009249-678-20622,009249-678,20622,5
009249-677-21023,009249-677,21023,0
009249-677-21014,009249-677,21014,2
009249-677-21013,009249-677,21013,3
009249-677-20614,009249-677,20614,5
009249-677-20612,009249-677,20612,24
009249-676-20615,009249-676,20615,3
009249-676-20614,009249-676,20614,1
009249-676-20612,009249-676,20612,16
009249-660-10150,009249-660,10150,6
009249-654-00060,009249-654,60,0
009249-654-00045,009249-654,45,2
009249-653-00110,009249-653,110,0
009249-653-00060,009249-653,60,8
009249-653-00045,009249-653,45,6
009249-653-00030,009249-653,30,3
009249-652-10060,009249-652,10060,7
009249-652-10045,009249-652,10045,3
009249-652-00060,009249-652,60,29
009249-652-00045,009249-652,45,5
009249-648-00045,009249-648,45,0
009249-645-11090,009249-645,11090,0
009249-645-11060,009249-645,11060,7
009249-645-11045,009249-645,11045,3
009249-645-10130,009249-645,10130,1
009249-645-10090,009249-645,10090,19
009249-645-10060,009249-645,10060,19
009249-645-10045,009249-645,10045,29
009249-645-10030,009249-645,10030,0
009249-645-01090,009249-645,1090,7
009249-645-01060,009249-645,1060,9
009249-645-01045,009249-645,1045,3
009249-645-00090,009249-645,90,20
009249-645-00060,009249-645,60,12
009249-645-00045,009249-645,45,27
009249-640-11069,009249-640,11069,56
009249-640-11049,009249-640,11049,0
009249-640-10049,009249-640,10049,0
009249-637-20060,009249-637,20060,70
009249-637-20045,009249-637,20045,0
009249-637-20030,009249-637,20030,17
009249-632-00001,009249-632,1,128
009249-627-00001,009249-627,1,128
009249-621-00650,009249-621,650,52
009249-577-00013,009249-577,13,0
009249-554-00001,009249-554,1,1610
009249-549-21043,009249-549,21043,0
009249-549-20624,009249-549,20624,0
009249-549-20623,009249-549,20623,0
009249-549-20622,009249-549,20622,0
009249-549-20322,009249-549,20322,0
009249-548-20624,009249-548,20624,0
009249-548-20623,009249-548,20623,0
009249-548-20622,009249-548,20622,0
009249-548-20322,009249-548,20322,0
009249-547-21023,009249-547,21023,0
009249-547-21022,009249-547,21022,0
009249-547-20615,009249-547,20615,0
009249-547-20614,009249-547,20614,0
009249-547-20612,009249-547,20612,0
009249-547-20312,009249-547,20312,0
009249-544-00045,009249-544,45,0
009249-519-20615,009249-519,20615,0
009249-519-20612,009249-519,20612,0
009249-494-20004,009249-494,20004,220
009249-471-00001,009249-471,1,0
009249-468-00520,009249-468,520,88
009249-467-00155,009249-467,155,2
009249-467-00055,009249-467,55,1110
009249-466-00154,009249-466,154,0
009249-466-00054,009249-466,54,555
009249-465-01574,009249-465,1574,0
009249-465-00574,009249-465,574,2090
009249-465-00559,009249-465,559,530
009249-465-00544,009249-465,544,186
009249-462-00007,009249-462,7,4
009249-462-00004,009249-462,4,8
009249-462-00003,009249-462,3,12
009249-462-00002,009249-462,2,222
009249-461-45960,009249-461,45960,2
009249-461-45660,009249-461,45660,4
009249-461-45560,009249-461,45560,6
009249-461-45460,009249-461,45460,111
009249-461-30660,009249-461,30660,5
009249-461-30560,009249-461,30560,2
009249-461-30460,009249-461,30460,1
009249-460-90072,009249-460,90072,0
009249-460-90062,009249-460,90062,0
009249-460-90052,009249-460,90052,0
009249-460-60072,009249-460,60072,0
009249-460-60062,009249-460,60062,0
009249-460-60052,009249-460,60052,0
009249-460-45082,009249-460,45082,0
009249-460-45072,009249-460,45072,0
009249-460-45062,009249-460,45062,0
009249-460-45052,009249-460,45052,0
009249-460-30082,009249-460,30082,0
009249-460-30052,009249-460,30052,0
009249-459-00004,009249-459,4,5
009249-459-00003,009249-459,3,2
009249-459-00002,009249-459,2,1
009249-458-00090,009249-458,90,125
009249-458-00060,009249-458,60,8
009249-456-10001,009249-456,10001,0
009249-456-00001,009249-456,1,0
009249-453-00001,009249-453,1,3982
009249-442-31102,009249-442,31102,2
009249-442-31092,009249-442,31092,1
009249-442-31082,009249-442,31082,1
009249-442-31062,009249-442,31062,1
009249-442-31052,009249-442,31052,18
009249-442-30102,009249-442,30102,0
009249-442-30082,009249-442,30082,7
009249-442-30072,009249-442,30072,0
009249-442-30062,009249-442,30062,5
009249-442-30052,009249-442,30052,13
009249-442-21102,009249-442,21102,1
009249-442-21082,009249-442,21082,2
009249-442-21062,009249-442,21062,1
009249-442-21052,009249-442,21052,8
009249-442-20082,009249-442,20082,6
009249-442-20062,009249-442,20062,17
009249-442-20052,009249-442,20052,8
009249-441-30092,009249-441,30092,1
009249-441-30052,009249-441,30052,1
009249-441-21052,009249-441,21052,3
009249-441-20052,009249-441,20052,12
009249-436-11020,009249-436,11020,7
009249-436-10820,009249-436,10820,29
009249-436-10720,009249-436,10720,47
009249-436-10620,009249-436,10620,239
009249-436-10520,009249-436,10520,465
009249-436-01020,009249-436,1020,7
009249-436-00820,009249-436,820,0
009249-436-00720,009249-436,720,118
009249-436-00620,009249-436,620,475
009249-436-00520,009249-436,520,229
009249-435-51295,009249-435,51295,476
009249-435-50295,009249-435,50295,0
009249-434-01020,009249-434,1020,14
009249-434-00820,009249-434,820,29
009249-434-00720,009249-434,720,165
009249-434-00620,009249-434,620,705
009249-434-00520,009249-434,520,699
009249-431-10092,009249-431,10092,2
009249-431-10082,009249-431,10082,3
009249-431-10062,009249-431,10062,0
009249-431-10052,009249-431,10052,45
009249-431-00092,009249-431,92,2
009249-431-00082,009249-431,82,3
009249-431-00062,009249-431,62,0
009249-431-00052,009249-431,52,45
009249-426-00040,009249-426,40,140
009249-426-00015,009249-426,15,156
009249-423-00001,009249-423,1,0
009249-422-33004,009249-422,33004,10
009249-422-23004,009249-422,23004,1739
009249-422-22004,009249-422,22004,656
009249-422-21004,009249-422,21004,190
009249-420-00001,009249-420,1,0
009249-419-00001,009249-419,1,0
009249-418-00920,009249-418,920,0
009249-418-00820,009249-418,820,11
009249-418-00720,009249-418,720,69
009249-418-00620,009249-418,620,42
009249-418-00520,009249-418,520,85
009249-403-06072,009249-403,6072,0
009249-403-06052,009249-403,6052,87
009249-391-00620,009249-391,620,0
009249-391-00520,009249-391,520,2
009249-380-00001,009249-380,1,696
009249-353-90072,009249-353,90072,0
009249-353-90062,009249-353,90062,0
009249-353-90052,009249-353,90052,0
009249-353-45062,009249-353,45062,0
009249-353-45052,009249-353,45052,0
009249-342-00620,009249-342,620,0
009249-342-00520,009249-342,520,2
009249-341-00620,009249-341,620,1
009249-341-00520,009249-341,520,0
009249-313-10520,009249-313,10520,6
009249-312-11020,009249-312,11020,0
009249-312-10920,009249-312,10920,0
009249-310-00660,009249-310,660,5
009249-265-00002,009249-265,2,100
009249-265-00001,009249-265,1,100
009249-260-02923,009249-260,2923,264
009249-190-00001,009249-190,1,0
009249-184-00720,009249-184,720,0
009249-184-00520,009249-184,520,157
009249-173-00001,009249-173,1,14
009249-111-11072,009249-111,11072,0
009249-111-11062,009249-111,11062,0
009249-097-02400,009249-097,2400,0
009249-088-00001,009249-088,1,866
009249-018-13092,009249-018,13092,60
009249-018-13062,009249-018,13062,0
009249-018-13052,009249-018,13052,468
009249-018-12062,009249-018,12062,0
009249-018-12052,009249-018,12052,443
009201-729-00001,009201-729,1,0
009201-727-00001,009201-727,1,0
009201-722-00040,009201-722,40,0
009201-722-00030,009201-722,30,0
009201-722-00020,009201-722,20,0
009201-720-00040,009201-720,40,0
009201-720-00030,009201-720,30,0
009201-720-00020,009201-720,20,0
009201-717-01020,009201-717,1020,0
009201-717-00620,009201-717,620,8
009201-706-00960,009201-706,960,0
009201-706-00930,009201-706,930,0
009201-706-00903,009201-706,903,0
009201-706-00876,009201-706,876,0
009201-706-00849,009201-706,849,0
009201-706-00821,009201-706,821,0
009201-706-00794,009201-706,794,0
009201-706-00767,009201-706,767,0
009201-706-00740,009201-706,740,0
009201-706-00713,009201-706,713,0
009201-706-00686,009201-706,686,0
009201-706-00659,009201-706,659,0
009201-706-00632,009201-706,632,0
009201-706-00604,009201-706,604,0
009201-706-00577,009201-706,577,0
009201-706-00560,009201-706,560,0
009201-706-00550,009201-706,550,0
009201-706-00530,009201-706,530,0
009201-706-00523,009201-706,523,0
009201-706-00503,009201-706,503,0
009201-706-00496,009201-706,496,0
009201-706-00476,009201-706,476,0
009201-706-00469,009201-706,469,0
009201-706-00449,009201-706,449,0
009201-706-00442,009201-706,442,0
009201-706-00421,009201-706,421,0
009201-706-00414,009201-706,414,0
009201-706-00394,009201-706,394,0
009201-706-00387,009201-706,387,0
009201-706-00367,009201-706,367,0
009201-706-00360,009201-706,360,0
009201-706-00340,009201-706,340,0
009201-706-00333,009201-706,333,0
009201-706-00313,009201-706,313,0
009201-706-00306,009201-706,306,0
009201-706-00286,009201-706,286,0
009201-706-00279,009201-706,279,0
009201-706-00259,009201-706,259,0
009201-706-00252,009201-706,252,0
009201-706-00232,009201-706,232,0
009201-706-00225,009201-706,225,0
009201-706-00204,009201-706,204,0
009201-706-00197,009201-706,197,0
009201-706-00177,009201-706,177,0
009201-706-00170,009201-706,170,0
009201-706-00150,009201-706,150,0
009201-706-00143,009201-706,143,0
009201-705-13200,009201-705,13200,0
009201-705-10200,009201-705,10200,0
009201-705-10100,009201-705,10100,0
009201-684-01020,009201-684,1020,0
009201-684-00620,009201-684,620,14
009201-683-01020,009201-683,1020,0
009201-683-00620,009201-683,620,6
009201-682-00040,009201-682,40,0
009201-682-00030,009201-682,30,0
009201-682-00020,009201-682,20,0
009201-681-00001,009201-681,1,0
009201-680-01020,009201-680,1020,0
009201-680-00620,009201-680,620,8
009201-679-01020,009201-679,1020,0
009201-679-00620,009201-679,620,6
009201-675-00001,009201-675,1,0
009201-674-00001,009201-674,1,0
009201-673-00001,009201-673,1,0
009201-671-02040,009201-671,2040,14
009201-671-01530,009201-671,1530,0
009201-662-01020,009201-662,1020,0
009201-662-00620,009201-662,620,0
009201-624-11165,009201-624,11165,0
009201-624-11157,009201-624,11157,0
009201-624-11137,009201-624,11137,1
009201-624-11135,009201-624,11135,3
009201-624-11125,009201-624,11125,11
009201-624-11065,009201-624,11065,3
009201-624-11057,009201-624,11057,3
009201-624-11037,009201-624,11037,6
009201-624-11035,009201-624,11035,2
009201-624-11025,009201-624,11025,0
009201-624-01157,009201-624,1157,2
009201-624-01155,009201-624,1155,1
009201-624-01137,009201-624,1137,1
009201-624-01135,009201-624,1135,4
009201-624-01125,009201-624,1125,11
009201-624-01065,009201-624,1065,1
009201-624-01035,009201-624,1035,0
009201-608-02990,009201-608,2990,0
009201-608-01500,009201-608,1500,0
009201-608-00750,009201-608,750,0
009201-608-00500,009201-608,500,0
009201-608-00300,009201-608,300,0
009201-603-00001,009201-603,1,0
009201-586-00000,009201-586,0,0
009201-571-13001,009201-571,13001,0
009201-571-10001,009201-571,10001,0
009201-571-10000,009201-571,10000,0
009201-570-20130,009201-570,20130,0
009201-570-10100,009201-570,10100,0
009201-567-00001,009201-567,1,0
009201-560-00200,009201-560,200,0
009201-559-00200,009201-559,200,0
009201-556-00001,009201-556,1,0
009201-556-00000,009201-556,0,0
009201-554-00000,009201-554,0,0
009201-553-00000,009201-553,0,0
009201-552-00000,009201-552,0,0
009201-551-00001,009201-551,1,0
009201-484-00001,009201-484,1,0
009201-476-00002,009201-476,2,0
009201-476-00001,009201-476,1,0
009201-471-00001,009201-471,1,0
009201-470-00001,009201-470,1,0
009201-469-00001,009201-469,1,0
009201-468-00001,009201-468,1,0
009201-465-00001,009201-465,1,0
009201-464-00001,009201-464,1,0
009201-462-01130,009201-462,1130,0
009201-462-00130,009201-462,130,0
009201-446-13011,009201-446,13011,0
009201-445-10011,009201-445,10011,0
009201-445-10010,009201-445,10010,0
009201-442-10011,009201-442,10011,0
009201-442-10010,009201-442,10010,0
009201-441-10021,009201-441,10021,0
009201-441-10020,009201-441,10020,0
009201-440-13021,009201-440,13021,0
009201-440-10021,009201-440,10021,0
009201-440-10020,009201-440,10020,0
009201-438-00002,009201-438,2,0
009201-438-00001,009201-438,1,0
009201-426-01020,009201-426,1020,0
009201-426-00820,009201-426,820,0
009201-426-00720,009201-426,720,0
009201-426-00620,009201-426,620,8
009201-425-00960,009201-425,960,0
009201-425-00560,009201-425,560,0
009201-416-00025,009201-416,25,0
009201-415-00001,009201-415,1,0
009201-405-00001,009201-405,1,0
009201-404-00001,009201-404,1,0
009201-403-01020,009201-403,1020,0
009201-403-00620,009201-403,620,0
009201-402-01020,009201-402,1020,0
009201-402-00620,009201-402,620,0
009201-401-00001,009201-401,1,0
009201-379-00001,009201-379,1,14
009201-355-00001,009201-355,1,0
009201-349-00022,009201-349,22,0
009201-332-00001,009201-332,1,0
009201-331-00860,009201-331,860,0
009201-331-00560,009201-331,560,0
009201-330-00001,009201-330,1,0
009201-267-00958,009201-267,958,0
009201-267-00558,009201-267,558,0
009201-265-00040,009201-265,40,0
009201-265-00030,009201-265,30,0
009201-263-00040,009201-263,40,0
009201-263-00030,009201-263,30,0
009201-260-10620,009201-260,10620,0
009201-260-01020,009201-260,1020,0
009201-260-00620,009201-260,620,0
009201-252-00040,009201-252,40,0
009201-252-00030,009201-252,30,0
009201-235-00001,009201-235,1,0
009201-230-00001,009201-230,1,0
009201-229-01020,009201-229,1020,0
009201-229-00620,009201-229,620,0
009201-149-01020,009201-149,1020,0
009201-149-00620,009201-149,620,0
009201-149-00520,009201-149,520,0
009201-145-00001,009201-145,1,0
009201-140-00001,009201-140,1,0
009201-137-00001,009201-137,1,0
009201-135-00001,009201-135,1,0
009201-131-00001,009201-131,1,0
009201-130-00001,009201-130,1,0
009201-129-00001,009201-129,1,0
009201-125-00001,009201-125,1,0
009201-120-00001,009201-120,1,0
009201-100-00001,009201-100,1,0
009201-090-00860,009201-090,860,0
009201-090-00560,009201-090,560,0
009201-059-00920,009201-059,920,0
009201-059-00820,009201-059,820,4
009201-059-00620,009201-059,620,2
009201-025-01100,009201-025,1100,0
009201-025-00100,009201-025,100,0
009201-005-21111,009201-005,21111,0
009000-03216,009000-03216,,0
008969-116-00720,008969-116,720,36
008969-116-00620,008969-116,620,16
008969-116-00520,008969-116,520,436
008969-106-01020,008969-106,1020,0
008969-106-00820,008969-106,820,12
008969-106-00620,008969-106,620,7
008969-106-00520,008969-106,520,21
008969-013-01020,008969-013,1020,17
008969-013-00820,008969-013,820,0
008969-013-00720,008969-013,720,265
008969-013-00620,008969-013,620,311
008969-013-00520,008969-013,520,892
008969-011-00720,008969-011,720,0
008969-010-00002,008969-010,2,7
008969-010-00001,008969-010,1,8
008968-037-02102,008968-037,2102,2
008968-037-02062,008968-037,2062,6
008968-037-01102,008968-037,1102,1
008968-037-01082,008968-037,1082,3
008968-037-01072,008968-037,1072,2
008968-037-01062,008968-037,1062,0
008968-018-00001,008968-018,1,0
008968-005-00001,008968-005,1,4
008967-012-11121,008967-012,11121,4
008967-012-10171,008967-012,10171,0
008967-012-01121,008967-012,1121,2
008967-012-00171,008967-012,171,0
008967-010-14070,008967-010,14070,9
008967-010-13070,008967-010,13070,0
008967-010-12070,008967-010,12070,0
008967-010-11070,008967-010,11070,0
008967-010-02070,008967-010,2070,0
008967-005-01810,008967-005,1810,46
008967-005-01410,008967-005,1410,0
008967-004-01310,008967-004,1310,0
008967-003-01225,008967-003,1225,106
008967-003-01025,008967-003,1025,24
008967-003-00925,008967-003,925,829
008967-003-00825,008967-003,825,1378
008967-003-00725,008967-003,725,3181
007811-008-05508,007811-008,5508,0
007811-008-05506,007811-008,5506,5
007811-008-03705,007811-008,3705,0
007811-005-00760,007811-005,760,0
007811-005-00660,007811-005,660,14
007811-005-00560,007811-005,560,15
007811-005-00460,007811-005,460,1
007773-004-00001,007773-004,1,121
007397-089-10004,007397-089,10004,174
007232-026-00820,007232-026,820,2
007232-026-00720,007232-026,720,4
007232-025-00820,007232-025,820,1
007232-025-00720,007232-025,720,3
007232-024-00820,007232-024,820,12
007232-024-00720,007232-024,720,6
007232-024-00620,007232-024,620,2
007232-024-00520,007232-024,520,12
007232-023-00820,007232-023,820,15
007232-023-00720,007232-023,720,0
007232-023-00620,007232-023,620,0
007232-023-00520,007232-023,520,1
007232-013-00920,007232-013,920,2
007232-013-00820,007232-013,820,3
007232-013-00620,007232-013,620,2
007232-013-00520,007232-013,520,45
007232-00242,007232-00242,,0
007202-058-00001,007202-058,1,0
007011-19100,007011-19100,,0
007011-07102,007011-07102,,174
007011-06100,007011-06100,,76
007011-02101,007011-02101,,174
007011-00057,007011-00057,,0
007009-00009,007009-00009,,0
006881-69054,006881-69054,,2968
006881-69050,006881-69050,,20
006881-69027,006881-69027,,645
006881-69002,006881-69002,,0
006881-44215,006881-44215,,269
006881-44211,006881-44211,,2423
006881-00157,006881-00157,,59
006881-00156,006881-00156,,13
006881-00155,006881-00155,,29
006881-00127,006881-00127,,5412
006881-00008,006881-00008,,288
006003-02905,006003-02905,,0
006002-17014,006002-17014,,0
006002-16087,006002-16087,,0
006002-16073,006002-16073,,0
006002-16041,006002-16041,,0
006002-16028,006002-16028,,0
006002-14926,006002-14926,,0
006002-14892,006002-14892,,0
006002-13682,006002-13682,,0
006002-13670,006002-13670,,0
006002-13637,006002-13637,,0
006002-07161,006002-07161,,0
005734-520-00250,005734-520,250,0
005408-024-13000,005408-024,13000,52
005408-024-11500,005408-024,11500,6
005408-024-10750,005408-024,10750,6
005407-008-00001,005407-008,1,0
005407-003-00001,005407-003,1,480
005301-01829,005301-01829,,0
005301-01827,005301-01827,,0
005301-01826,005301-01826,,0
005301-01824,005301-01824,,0
005301-01823,005301-01823,,0
005301-01822,005301-01822,,0
005301-01713,005301-01713,,0
005301-00557,005301-00557,,0
005301-00303,005301-00303,,0
005301-00302,005301-00302,,0
004901-00295,004901-00295,,0
004889-26003,004889-26003,,0
004888-10100,004888-10100,,0
004886-88030,004886-88030,,0
004885-92030,004885-92030,,0
004885-80030,004885-80030,,0
004885-56030,004885-56030,,0
004885-11904,004885-11904,,0
004884-13445,004884-13445,,0
004884-11904,004884-11904,,0
004858-44130,004858-44130,,0
004858-36230,004858-36230,,0
004858-36125,004858-36125,,0
004858-30130,004858-30130,,0
004858-26125,004858-26125,,0
004858-24130,004858-24130,,0
004858-24120,004858-24120,,0
004858-22130,004858-22130,,0
004858-22125,004858-22125,,0
004857-56030,004857-56030,,0
004857-44040,004857-44040,,0
004857-40040,004857-40040,,0
004857-34030,004857-34030,,0
004857-32040,004857-32040,,0
004857-30030,004857-30030,,0
004857-28030,004857-28030,,0
004857-26030,004857-26030,,0
004857-24030,004857-24030,,0
004856-34040,004856-34040,,0
004853-36140,004853-36140,,0
004853-30140,004853-30140,,0
004840-16156,004840-16156,,0
004833-045-62998,004833-045,62998,0
004833-045-61498,004833-045,61498,0
004833-045-61448,004833-045,61448,0
004833-045-61348,004833-045,61348,0
004833-045-61048,004833-045,61048,0
004833-045-60898,004833-045,60898,0
004833-044-62998,004833-044,62998,0
004833-044-61498,004833-044,61498,0
004833-044-61048,004833-044,61048,0
004833-044-60898,004833-044,60898,0
004833-044-60648,004833-044,60648,0
004821-03109,004821-03109,,0
004821-03108,004821-03108,,0
004552-09000,004552-09000,,14
004552-07000,004552-07000,,29
004552-06000,004552-06000,,165
004552-05000,004552-05000,,705
004552-04000,004552-04000,,699
004518-00400,004518-00400,,0
004458-04050,004458-04050,,0
004451-40610,004451-40610,,0
004451-00311,004451-00311,,0
004451-00308,004451-00308,,0
004451-00303,004451-00303,,0
004447-07031,004447-07031,,0
004447-04031,004447-04031,,0
004444-03400,004444-03400,,448
004440-05041,004440-05041,,0
004433-51033,004433-51033,,50
004424-13033,004424-13033,,0
004424-13001,004424-13001,,0
004424-10033,004424-10033,,0
004424-10031,004424-10031,,0
004424-10001,004424-10001,,0
004424-09033,004424-09033,,0
004424-09011,004424-09011,,0
004424-09002,004424-09002,,0
004424-09001,004424-09001,,0
004424-08033,004424-08033,,0
004424-08001,004424-08001,,0
004424-07033,004424-07033,,0
004424-07002,004424-07002,,0
004424-07001,004424-07001,,0
004424-06001,004424-06001,,0
004424-05033,004424-05033,,0
004424-05012,004424-05012,,0
004424-05002,004424-05002,,0
004424-05001,004424-05001,,0
004424-04033,004424-04033,,0
004424-04012,004424-04012,,0
004424-04002,004424-04002,,0
004424-04001,004424-04001,,109
004421-13033,004421-13033,,40
004421-10033,004421-10033,,17
004421-08033,004421-08033,,15
004421-07033,004421-07033,,12
004421-06033,004421-06033,,31
004421-05033,004421-05033,,0
004421-04033,004421-04033,,0
004420-13033,004420-13033,,0
004420-13001,004420-13001,,0
004420-10033,004420-10033,,0
004420-10001,004420-10001,,0
004420-09033,004420-09033,,0
004420-09014,004420-09014,,0
004420-09002,004420-09002,,0
004420-09001,004420-09001,,0
004420-08033,004420-08033,,0
004420-08014,004420-08014,,0
004420-08004,004420-08004,,0
004420-08003,004420-08003,,0
004420-07033,004420-07033,,0
004420-07014,004420-07014,,0
004420-07002,004420-07002,,0
004420-07001,004420-07001,,0
004420-06051,004420-06051,,0
004420-06001,004420-06001,,0
004420-05051,004420-05051,,0
004420-05033,004420-05033,,0
004420-05031,004420-05031,,0
004420-05015,004420-05015,,0
004420-05002,004420-05002,,0
004420-05001,004420-05001,,0
004420-04031,004420-04031,,0
004420-04014,004420-04014,,0
004420-04002,004420-04002,,0
004420-04001,004420-04001,,119
004302-00203,004302-00203,,176
004158-037-00720,004158-037,720,0
003850-056-03000,003850-056,3000,6
003850-035-03000,003850-035,3000,608
003850-035-02950,003850-035,2950,0
003850-035-02900,003850-035,2900,0
003850-035-02850,003850-035,2850,1
003850-035-02800,003850-035,2800,0
003850-035-02750,003850-035,2750,1
003850-035-02700,003850-035,2700,0
003850-035-02650,003850-035,2650,1
003850-035-02600,003850-035,2600,1
003850-035-02550,003850-035,2550,0
003850-035-02500,003850-035,2500,1
003850-035-02450,003850-035,2450,0
003850-035-02400,003850-035,2400,0
003850-035-02350,003850-035,2350,0
003850-035-02300,003850-035,2300,8
003850-035-02250,003850-035,2250,1
003850-035-02200,003850-035,2200,0
003850-035-02150,003850-035,2150,0
003850-035-02100,003850-035,2100,0
003850-035-02050,003850-035,2050,0
003850-035-02000,003850-035,2000,0
003850-035-01950,003850-035,1950,0
003850-035-01900,003850-035,1900,3
003850-035-01850,003850-035,1850,0
003850-035-01800,003850-035,1800,2
003850-035-01750,003850-035,1750,0
003850-035-01700,003850-035,1700,1
003850-035-01650,003850-035,1650,3
003850-035-01600,003850-035,1600,5
003850-035-01550,003850-035,1550,2
003850-035-01500,003850-035,1500,414
003850-035-01450,003850-035,1450,6
003850-035-01400,003850-035,1400,16
003850-035-01350,003850-035,1350,52
003850-035-01300,003850-035,1300,10
003850-035-01250,003850-035,1250,16
003850-035-01200,003850-035,1200,16
003850-035-01150,003850-035,1150,4
003850-035-01100,003850-035,1100,8
003850-035-01050,003850-035,1050,10
003850-035-01000,003850-035,1000,24
003850-035-00950,003850-035,950,15
003850-035-00900,003850-035,900,24
003850-035-00850,003850-035,850,15
003850-035-00800,003850-035,800,14
003850-035-00750,003850-035,750,12
003850-035-00700,003850-035,700,17
003850-035-00650,003850-035,650,32
003850-035-00600,003850-035,600,15
003850-035-00550,003850-035,550,23
003850-035-00500,003850-035,500,18
003850-035-00450,003850-035,450,65
003850-035-00415,003850-035,415,0
003850-035-00400,003850-035,400,14
003850-035-00360,003850-035,360,6
003686-015-03000,003686-015,3000,0
003686-015-01500,003686-015,1500,0
003281-472-00300,003281-472,300,206
003281-472-00100,003281-472,100,188
002770-99010,002770-99010,,1834
002766-00010,002766-00010,,96
002766-00008,002766-00008,,0
002766-00006,002766-00006,,0
002764-00008,002764-00008,,0
002763-20010,002763-20010,,20
002763-20008,002763-20008,,12524
002763-00695,002763-00695,,200
002763-00590,002763-00590,,104
002763-00512,002763-00512,,0
002763-00413,002763-00413,,0
002763-00306,002763-00306,,0
002763-00212,002763-00212,,20
002763-00112,002763-00112,,456
002763-00110,002763-00110,,7610
002763-00106,002763-00106,,1746
002763-00016,002763-00016,,92
002763-00012,002763-00012,,48
002763-00010,002763-00010,,12974
002763-00008,002763-00008,,0
002763-00006,002763-00006,,87753
002763-00004,002763-00004,,0
002760-00008,002760-00008,,22488
002747-00106,002747-00106,,0
002747-00008,002747-00008,,0
002747-00006,002747-00006,,0
002723-80416,002723-80416,,2738
002723-48025,002723-48025,,0
002723-40621,002723-40621,,0
002723-20038,002723-20038,,0
002522-110-00001,002522-110,1,130
002522-109-00001,002522-109,1,130
002439-06012,002439-06012,,696
002437-10020,002437-10020,,9922
002420-08050,002420-08050,,0
002419-10120,002419-10120,,20
002419-10030,002419-10030,,1000
002419-10025,002419-10025,,500
002419-08025,002419-08025,,0
002419-08020,002419-08020,,104
002419-08016,002419-08016,,0
002419-06025,002419-06025,,1746
002419-06020,002419-06020,,48326
002419-06016,002419-06016,,0
002419-04016,002419-04016,,0
002418-10100,002418-10100,,0
002418-10025,002418-10025,,0
002418-06020,002418-06020,,0
002418-06016,002418-06016,,0
002416-08020,002416-08020,,0
002416-06030,002416-06030,,0
002413-08020,002413-08020,,34948
002412-01050,002412-01050,,21
002412-01030,002412-01030,,230
002412-01025,002412-01025,,68
002412-00820,002412-00820,,0
002412-00815,002412-00815,,4510
002373-00102,002373-00102,,20
002372-50008,002372-50008,,484
002372-45212,002372-45212,,0
002372-00510,002372-00510,,10131
002372-00508,002372-00508,,102
002372-00507,002372-00507,,38921
002372-00506,002372-00506,,1746
002372-00301,002372-00301,,0
002371-57210,002371-57210,,0
002371-56208,002371-56208,,0
002371-56206,002371-56206,,0
002371-56010,002371-56010,,0
002371-56005,002371-56005,,0
002371-56004,002371-56004,,0
002370-89210,002370-89210,,48
002370-89206,002370-89206,,0
002370-88412,002370-88412,,0
002370-88020,002370-88020,,0
002370-88016,002370-88016,,92
002370-88010,002370-88010,,6612
002370-88008,002370-88008,,102
002370-88006,002370-88006,,25906
002322-08021,002322-08021,,786
002322-08020,002322-08020,,0
002322-06021,002322-06021,,2032
002322-06020,002322-06020,,988
002317-20825,002317-20825,,0
002315-21207,002315-21207,,456
002315-01408,002315-01408,,5912
002314-60660,002314-60660,,0
002314-50550,002314-50550,,0
002314-50108,002314-50108,,0
002314-50004,002314-50004,,0
002314-00900,002314-00900,,0
002314-00860,002314-00860,,0
002313-10080,002313-10080,,48
002313-10050,002313-10050,,0
002313-10040,002313-10040,,1456
002313-10030,002313-10030,,0
002311-12030,002311-12030,,48
002311-10180,002311-10180,,256
002311-10050,002311-10050,,190
002311-10035,002311-10035,,0
002311-10030,002311-10030,,0
002311-10025,002311-10025,,80
002311-10020,002311-10020,,0
002311-08020,002311-08020,,484
002311-08015,002311-08015,,0
002311-06100,002311-06100,,14736
002311-06015,002311-06015,,25906
002300-10120,002300-10120,,20
002300-10030,002300-10030,,0
002300-10020,002300-10020,,48
002300-08020,002300-08020,,0
002300-08015,002300-08015,,0
002036-335-00001,002036-335,1,0
002036-035-13001,002036-035,13001,0
002036-035-10001,002036-035,10001,0
002036-035-10000,002036-035,10000,0
002036-032-03000,002036-032,3000,0
002036-032-02700,002036-032,2700,0
002036-032-02250,002036-032,2250,0
001695-00005,001695-00005,,0
001693-50000,001693-50000,,7423
001388-351-00300,001388-351,300,0
001388-351-00100,001388-351,100,9
001388-345-00300,001388-345,300,0
001388-345-00100,001388-345,100,0
001388-344-10570,001388-344,10570,0
001388-343-10570,001388-343,10570,0
001285-016-00790,001285-016,790,75
001285-016-00590,001285-016,590,104
001040-001-00940,001040-001,940,14
001040-001-00840,001040-001,840,38
001040-001-00740,001040-001,740,78
001040-001-00640,001040-001,640,0
001040-001-00540,001040-001,540,196
001040-001-00440,001040-001,440,548
000420-21179,000420-21179,,24
000420-19909,000420-19909,,0
000420-19908,000420-19908,,0
000420-19907,000420-19907,,0
000420-19899,000420-19899,,0
000420-19873,000420-19873,,12
000420-19872,000420-19872,,47
000420-19286,000420-19286,,0
000420-19284,000420-19284,,0
000420-18531,000420-18531,,15
000420-18304,000420-18304,,3
000420-18271,000420-18271,,1
000420-18270,000420-18270,,9
000420-18263,000420-18263,,3
000420-18257,000420-18257,,0
000420-18256,000420-18256,,0
000420-18237,000420-18237,,2
000420-18235,000420-18235,,1
000420-18233,000420-18233,,9
000420-18217,000420-18217,,0
000420-18210,000420-18210,,3
000420-18208,000420-18208,,28
000420-17634,000420-17634,,8
000420-17520,000420-17520,,0
000420-16727,000420-16727,,4
000420-16726,000420-16726,,0
000420-16725,000420-16725,,0
000420-16722,000420-16722,,44
000420-16720,000420-16720,,0
000420-16719,000420-16719,,0
000420-16718,000420-16718,,0
000420-16717,000420-16717,,10
000420-16716,000420-16716,,36
000420-16017,000420-16017,,3
000420-15686,000420-15686,,0
000420-15684,000420-15684,,0
000420-14682,000420-14682,,16
000420-14681,000420-14681,,1
000420-14680,000420-14680,,0
000420-14659,000420-14659,,0
000420-14658,000420-14658,,0
000420-14657,000420-14657,,0
000420-14656,000420-14656,,0
000420-14655,000420-14655,,0
000420-14389,000420-14389,,0
000420-11926,000420-11926,,0
000420-05897,000420-05897,,0
000420-05896,000420-05896,,0
000141-95102,000141-95102,,0
000000-06793,000000-06793,,0
000000-06792,000000-06792,,0
000000-06713,000000-06713,,68
000000-06592,000000-06592,,0
000000-06176,000000-06176,,846
000000-06025,000000-06025,,846
000000-06015,000000-06015,,12195
000000-05931,000000-05931,,50220
000000-05870,000000-05870,,0
000000-04721,000000-04721,,0
000000-04063,000000-04063,,0
000000-03045,000000-03045,,0
000000-02945,000000-02945,,0
000000-02873,000000-02873,,0
000000-02459,000000-02459,,0
000000-02188,000000-02188,,0
000000-01958,000000-01958,,0
000000-01831,000000-01831,,177
000000-01013,000000-01013,,0
001057-011,001057-011,,0
