,Unnamed: 0,Unnamed: 0.1,item_number,new_item_number,dash,total_650K
0,0,0,N97500-170-00001,,,0
1,1,1,N97500-145-00250,,,586
2,2,2,N97500-098-00011,,,0
3,3,3,N97500-082-00001,,,0
4,4,4,N93800-48003,,,0
5,5,5,N92101-30020,,,0
6,6,6,N55060-009-10008,,,0
7,7,7,N55060-009-00008,,,0
8,8,8,N23032-002-00001,,,0
9,9,9,N15593-603-00144,,,0
10,10,10,N15057-006-00001,,,0
11,11,11,N07802-001-61500,,,18
12,12,12,N07802-001-61200,,,16
13,13,13,N07802-001-31200,,,0
14,14,14,004420-13001,,,0
15,15,15,N02771-00058,,,0
16,16,16,004424-13001,,,0
17,17,17,004424-07001,,,0
18,18,18,004420-07002,,,0
19,19,19,N02376-40001,,,4863
20,20,20,004424-04033,,,0
21,21,21,N02376-00003,,,0
22,22,22,N02370-00058,,,0
23,23,23,N02004-00224,,,6255
24,24,24,004424-10001,,,0
25,25,25,N02004-00223,,,10838
26,26,26,004420-08003,,,0
27,27,27,N02004-00210,,,0
28,28,28,N02004-00208,,,0
29,29,29,N01683-00004,,,5687
30,30,30,N00001-24070,,,0
31,31,31,-11500022,,,0
32,32,32,0S2044-00022,,,138
33,33,33,004420-09033,,,0
34,34,34,0R8499-00001,,,0
35,35,35,0R8471-03000,,,0
36,36,36,0R8471-02700,,,0
37,37,37,0R8471-02250,,,0
38,38,38,0R6020-00167,,,46
39,39,39,0R2101-01300,,,0
40,40,40,0R0130-05400,,,28
41,41,41,004424-09001,,,0
42,42,42,0R0130-03150,,,0
43,43,43,0R0102-05000,,,0
44,44,44,0R0102-04600,,,0
45,45,45,004420-07001,,,0
46,46,46,004420-09002,,,0
47,47,47,0R0102-04200,,,0
48,48,48,0R0102-03800,,,0
49,49,49,0R0102-03400,,,0
50,50,50,0R0102-01000,,,0
51,51,51,0R0100-02995BQK,,,0
52,52,52,0R0100-02995,,,1301
53,53,53,0R0100-01945,,,838
54,54,54,0R0100-01045,,,853
55,55,55,0R0100-00895,,,0
56,56,56,0P8749-09020,,,2
57,57,57,0P8749-09014,,,4
58,58,58,0P8749-09012,,,1
59,59,59,0P8749-09010,,,20
60,60,60,0P8749-04514,,,4
61,61,61,0P8749-04510,,,4
62,62,62,004420-08004,,,0
63,63,63,0P8748-00090,,,27
64,64,64,0P8748-00045,,,8
65,65,65,0P8748-00030,,,12
66,66,66,0P8085-00001,,,0
67,67,67,0P7785-41898,,,1072
68,68,68,0P7785-41648,,,40
69,69,69,0P7785-41598,,,60
70,70,70,0P7785-41548,,,52
71,71,71,0P7785-41498,,,0
72,72,72,0P7785-41448,,,99
73,73,73,0P7785-41298,,,112
74,74,74,0P7785-21898,,,202
75,75,75,0P7785-21648,,,14
76,76,76,0P7785-21598,,,12
77,77,77,0P7785-21548,,,4
78,78,78,004420-06001,,,0
79,79,79,0P7785-21498,,,1
80,80,80,0P7785-21448,,,73
81,81,81,0P7785-21298,,,34
82,82,82,0P7785-11898,,,177
83,83,83,0P7785-11648,,,17
84,84,84,0P7785-11598,,,3
85,85,85,0P7785-11548,,,2
86,86,86,0P7785-11448,,,22
87,87,87,0P7785-11298,,,30
88,88,88,0P5546-35130,,,16
89,89,89,0P5476-10000,,,0
90,90,90,0P5463-03000,,,0
91,91,91,0P5463-02700,,,0
92,92,92,0P5463-02250,,,0
93,93,93,0P5462-03000,,,0
94,94,94,0P5462-02700,,,0
95,95,95,0P5462-02250,,,0
96,96,96,0P5462-01500,,,0
97,97,97,0P5461-00001,,,0
98,98,98,0P5445-01300,,,0
99,99,99,0P5445-01000,,,0
100,100,100,0P3799-03040,,,0
101,101,101,0P3322-00300,,,2074
102,102,102,0P3321-00300,,,1043
103,103,103,0P3321-00100C1F,,,0
104,104,104,0P3321-00100,,,2757
105,105,105,0P3076-00001,,,375
106,106,106,0P2271-30490,,,0
107,107,107,0P2271-30440,,,0
108,108,108,0P2271-10150,,,0
109,109,109,0P2271-00480,,,0
110,110,110,0P2271-00360,,,0
111,111,111,0P2271-00340,,,0
112,112,112,0P2271-00300,,,0
113,113,113,0P2271-00290,,,0
114,114,114,0P2271-00270,,,0
115,115,115,0P2271-00250,,,0
116,116,116,0P2271-00220,,,0
117,117,117,0P2271-00200,,,0
118,118,118,0P2271-00130,,,0
119,119,119,0P2271-00120,,,0
120,120,120,0P2271-00100,,,0
121,121,121,0P2271-00070,,,0
122,122,122,0P2271-00050,,,0
123,123,123,0P2105-00001,,,0
124,124,124,0P1873-00058,,,0
125,125,125,0P1233-01152,,,0
126,126,126,0P0518-00001,,,484
127,127,127,0L9021-00001,,,8104
128,128,128,0L8574-10200,,,0
129,129,129,0L8574-10100,,,0
130,130,130,0L8472-10030,,,0
131,131,131,0L8472-10027,,,0
132,132,132,0L8472-10022,,,0
133,133,133,0L7885-23515,,,8
134,134,134,0L7885-23512,,,0
135,135,135,0L7885-23510,,,0
136,136,136,0L7885-22015,,,0
137,137,137,0L7885-22012,,,0
138,138,138,0L7885-22010,,,0
139,139,139,0L7885-20515,,,0
140,140,140,0L7885-20512,,,0
141,141,141,0L7885-19015,,,0
142,142,142,0L7885-19012,,,0
143,143,143,0L7885-19010,,,0
144,144,144,0L7885-17515,,,6
145,145,145,0L7885-17512,,,0
146,146,146,0L7885-17510,,,0
147,147,147,0L7885-16015,,,0
148,148,148,0L7885-16012,,,0
149,149,149,0L7885-16010,,,0
150,150,150,0L7885-14512,,,1
151,151,151,0L7885-14510,,,0
152,152,152,0L7885-13015,,,5
153,153,153,0L7885-13012,,,0
154,154,154,0L7885-11515,,,0
155,155,155,0L7885-11510,,,0
156,156,156,0L7885-10015,,,13
157,157,157,0L7885-10013,,,0
158,158,158,0L7885-10012,,,0
159,159,159,0L7885-10010,,,0
160,160,160,0L7848-00001,,,26
161,161,161,0L7840-18510,,,0
162,162,162,0L7840-11515,,,0
163,163,163,0L7840-11510,,,10
164,164,164,0L7840-08015,,,1
165,165,165,0L7840-08012,,,72
166,166,166,0L7840-08010,,,11
167,167,167,0L7840-06012,,,72
168,168,168,0L7840-06010,,,0
169,169,169,0L7840-05010,,,36
170,170,170,0L7840-04210,,,10
171,171,171,0L7840-03715,,,0
172,172,172,0L7819-01415,,,23
173,173,173,0L7819-01115,,,6
174,174,174,0L7819-00915,,,5
175,175,175,0L7701-05329,,,0
176,176,176,0L7701-05138,,,0
177,177,177,0L6167-20190,,,0
178,178,178,0L6069-32001,,,0
179,179,179,0L6069-23010,,,0
180,180,180,0L6069-23001,,,2
181,181,181,0L6069-23000,,,12
182,182,182,0L6069-12011,,,0
183,183,183,0L6069-12010,,,0
184,184,184,0L6069-12001,,,1
185,185,185,0L6069-12000,,,2
186,186,186,0L6069-11011,,,23
187,187,187,0L6069-11010,,,15
188,188,188,0L6069-11001,,,24
189,189,189,0L6069-11000,,,29
190,190,190,0L4719-03000,,,0
191,191,191,0L4719-02700,,,0
192,192,192,0L4719-02250,,,0
193,193,193,0L4718-03000,,,0
194,194,194,0L4718-02700,,,0
195,195,195,0L4718-02250,,,0
196,196,196,0L4717-03000,,,0
197,197,197,0L4717-02700,,,0
198,198,198,0L4717-02250,,,0
199,199,199,0L4717-01500,,,0
200,200,200,0L4178-01150,,,76
201,201,201,0L4178-01135,,,6
202,202,202,0L4178-01090,,,174
203,203,203,0L4178-01045,,,6
204,204,204,0L4178-01030,,,64
205,205,205,0L4162-11500,,,132
206,206,206,0L4162-11200,,,48
207,207,207,0L4162-11000,,,17
208,208,208,0L4162-01500,,,189
209,209,209,0L4162-01200,,,47
210,210,210,0L4162-01000,,,29
211,211,211,0L4117-00003,,,0
212,212,212,0L3807-10954,,,0
213,213,213,0L3394-21520,,,12
214,214,214,0L3394-21518,,,0
215,215,215,0L3394-21514,,,0
216,216,216,0L3394-20518,,,0
217,217,217,0L3394-18520,,,0
218,218,218,0L3394-18518,,,0
219,219,219,0L3394-16522,,,0
220,220,220,0L3394-16520,,,0
221,221,221,0L3394-16518,,,0
222,222,222,0L3394-16516,,,0
223,223,223,0L3394-15530,,,0
224,224,224,0L3394-15528,,,0
225,225,225,0L3394-15524,,,0
226,226,226,0L3394-15522,,,46
227,227,227,0L3394-15520,,,1
228,228,228,0L3394-15518,,,0
229,229,229,0L3394-15514,,,0
230,230,230,0L3394-12534,,,0
231,231,231,0L3394-12526,,,0
232,232,232,0L3394-12524,,,5
233,233,233,0L3394-12522,,,32
234,234,234,0L3394-12520,,,0
235,235,235,0L3394-12518,,,35
236,236,236,0L3394-12516,,,0
237,237,237,0L3394-12018,,,0
238,238,238,0L3394-12014,,,0
239,239,239,0L3394-10522,,,0
240,240,240,0L3394-10520,,,1
241,241,241,0L3394-10518,,,0
242,242,242,0L3394-10516,,,0
243,243,243,0L3394-10514,,,1
244,244,244,0L3323-00300,,,3365
245,245,245,0L3323-00100,,,6032
246,246,246,0L2352-21112,,,0
247,247,247,0L2298-00003,,,0
248,248,248,0L2297-20001,,,0
249,249,249,0L2165-00001,,,0
250,250,250,0L1769-00001,,,0
251,251,251,0L1109-12998,,,539
252,252,252,0L1050-00001,,,0
253,253,253,0L0707-00001,,,0
254,254,254,0L0701-15230,,,0
255,255,255,0L0701-12125,,,0
256,256,256,0L0519-00001,,,484
257,257,257,0L0516-33000,,,36
258,258,258,0L0516-32400,,,0
259,259,259,0L0516-32300,,,0
260,260,260,0L0516-32200,,,0
261,261,261,0L0516-32000,,,6
262,262,262,0L0516-31800,,,3
263,263,263,0L0516-31700,,,0
264,264,264,0L0516-31600,,,0
265,265,265,0L0516-31500,,,14
266,266,266,0L0516-31200,,,0
267,267,267,0L0516-31150,,,0
268,268,268,0L0516-31050,,,0
269,269,269,0L0516-31000,,,0
270,270,270,0L0516-30900,,,20
271,271,271,0L0516-30850,,,4
272,272,272,0L0516-30800,,,2
273,273,273,0L0516-30750,,,12
274,274,274,0L0516-30700,,,4
275,275,275,0L0516-30650,,,4
276,276,276,0L0516-30600,,,0
277,277,277,0L0516-30500,,,0
278,278,278,0L0516-30450,,,0
279,279,279,0L0516-30400,,,2
280,280,280,0L0210-20295,,,16
281,281,281,0L0126-06329,,,0
282,282,282,0L0126-05481,,,0
283,283,283,0L0126-02329,,,0
284,284,284,0L0124-00001,,,624
285,285,285,0L0123-00001,,,0
286,286,286,0L0109-01550,,,26
287,287,287,0L0109-01250,,,8
288,288,288,0L0109-01050,,,3
289,289,289,098500-649-21500,,,0
290,290,290,098500-649-01500,,,3
291,291,291,096000-034-01422,,,13
292,292,292,096000-034-01122,,,1
293,293,293,096000-034-00922,,,6
294,294,294,094291-103-00290,,,8
295,295,295,094291-103-00200,,,56
296,296,296,094291-102-00290,,,9
297,297,297,094291-102-00200,,,57
298,298,298,084905-131-01150,,,24
299,299,299,084905-131-01135,,,4
300,300,300,084905-131-01090,,,0
301,301,301,084905-131-01045,,,4
302,302,302,084905-131-01030,,,36
303,303,303,075992-001-00758,,,56
304,304,304,075992-001-00658,,,2348
305,305,305,075992-001-00558,,,317
306,306,306,075992-001-00458,,,8585
307,307,307,075875-006-00820,,,1
308,308,308,075875-006-00620,,,104
309,309,309,075875-006-00520,,,45
310,310,310,075735-039-01020,,,0
311,311,311,075735-039-00820,,,0
312,312,312,075735-039-00720,,,0
313,313,313,075735-039-00620,,,0
314,314,314,075735-039-00520,,,0
315,315,315,075641-150-01577,,,9
316,316,316,070275-471-03000,,,0
317,317,317,070275-471-02600,,,0
318,318,318,070275-471-01500,,,0
319,319,319,059007-788-01500,,,3
320,320,320,059007-788-01000,,,12
321,321,321,059005-123-31193,,,24
322,322,322,053924-052-11020,,,1
323,323,323,053924-052-10720,,,6
324,324,324,053924-052-10620,,,52
325,325,325,053924-052-10520,,,22
326,326,326,053924-052-01020,,,3
327,327,327,053924-052-00820,,,0
328,328,328,053924-052-00720,,,7
329,329,329,053924-052-00620,,,50
330,330,330,053924-052-00520,,,18
331,331,331,053924-051-11020,,,4
332,332,332,053924-051-10820,,,15
333,333,333,053924-051-10720,,,4
334,334,334,053924-051-10620,,,51
335,335,335,053924-051-10520,,,140
336,336,336,053924-051-01020,,,0
337,337,337,053924-051-00920,,,2
338,338,338,053924-051-00820,,,13
339,339,339,053924-051-00720,,,2
340,340,340,053924-051-00620,,,31
341,341,341,053924-051-00520,,,111
342,342,342,053708-092-30712,,,0
343,343,343,053708-038-30001,,,0
344,344,344,053708-038-10002,,,0
345,345,345,053708-038-10001,,,0
346,346,346,053708-032-40720,,,6
347,347,347,053708-032-40620,,,0
348,348,348,053708-032-20720,,,12
349,349,349,024853-037-00001,,,0
350,350,350,024853-028-51105,,,2
351,351,351,024853-028-51060,,,9
352,352,352,024853-012-51060,,,10
353,353,353,024853-002-30450,,,0
354,354,354,018318-002-00001,,,4
355,355,355,018318-001-00001,,,4
356,356,356,017370-001-11102,,,0
357,357,357,017370-001-10102,,,9
358,358,358,017121-030-01500,,,0
359,359,359,017050-056-00001,,,0
360,360,360,017050-048-00001,,,56
361,361,361,016788-003-00720,,,24
362,362,362,016788-003-00620,,,6
363,363,363,016788-003-00520,,,119
364,364,364,016788-002-01020,,,7
365,365,365,016788-002-00720,,,58
366,366,366,016788-002-00620,,,75
367,367,367,016788-002-00520,,,112
368,368,368,016690-190-14290,,,0
369,369,369,016690-184-14130,,,0
370,370,370,016143-003-00001,,,0
371,371,371,016143-001-11000,,,0
372,372,372,016143-001-01000,,,0
373,373,373,015912-159-00001,,,0
374,374,374,015593-134-00001,,,15
375,375,375,015593-133-00001,,,133
376,376,376,015593-118-00001,,,0
377,377,377,015593-117-00001,,,4
378,378,378,015593-104-00001,,,474
379,379,379,015593-103-00001,,,74
380,380,380,015593-097-00001,,,0
381,381,381,009201-379-00001,,,14
382,382,382,009249-380-00001,,,696
383,383,383,015593-070-02700,,,0
384,384,384,015593-070-02400,,,14
385,385,385,015593-070-02200,,,0
386,386,386,015593-070-02100,,,7
387,387,387,015593-070-02000,,,20
388,388,388,015593-070-01800,,,614
389,389,389,015593-070-01600,,,0
390,390,390,015593-070-01500,,,10
391,391,391,015593-070-01400,,,101
392,392,392,015593-070-01200,,,15
393,393,393,015593-067-00001,,,0
394,394,394,015593-045-21200,,,1
395,395,395,015593-037-21200,,,0
396,396,396,015593-037-11200,,,1
397,397,397,015593-030-10600,,,4
398,398,398,015593-030-00600,,,28
399,399,399,015593-022-01427,,,25
400,400,400,015593-022-01127,,,34
401,401,401,015593-022-00927,,,10
402,402,402,015392-070-01500,,,52
403,403,403,015392-070-01200,,,32
404,404,404,014513-075-32082,,,2
405,405,405,014513-075-32052,,,10
406,406,406,014513-075-23082,,,1
407,407,407,014513-075-23052,,,6
408,408,408,014513-075-22052,,,0
409,409,409,014513-072-00001,,,168
410,410,410,014513-071-00001,,,19
411,411,411,014513-066-00001,,,28
412,412,412,014513-061-00076,,,3
413,413,413,014513-061-00046,,,16
414,414,414,014513-060-00001,,,0
415,415,415,014513-034-32052,,,0
416,416,416,014513-034-23052,,,0
417,417,417,014513-034-13082,,,0
418,418,418,014513-034-12082,,,0
419,419,419,014513-029-00001,,,384
420,420,420,014513-021-00082,,,3
421,421,421,014513-021-00052,,,16
422,422,422,014510-053-00001,,,5
423,423,423,014496-792-15011,,,0
424,424,424,014496-792-15002,,,8
425,425,425,014496-792-15001,,,7
426,426,426,004440-05041,,,0
427,427,427,000000-01958,,,0
428,428,428,014496-792-12002,,,0
429,429,429,014496-792-12001,,,1
430,430,430,014496-792-10012,,,0
431,431,431,014496-792-10002,,,7
432,432,432,004424-10031,,,0
433,433,433,004424-10033,,,0
434,434,434,004424-13033,,,0
435,435,435,004424-05033,,,0
436,436,436,004424-07033,,,0
437,437,437,004424-08033,,,0
438,438,438,014496-792-10001,,,3
439,439,439,014496-791-15002,,,28
440,440,440,014496-791-15001,,,50
441,441,441,014496-791-12002,,,15
442,442,442,014496-791-12001,,,9
443,443,443,014496-791-10002,,,2
444,444,444,004424-09033,,,0
445,445,445,004420-10033,,,0
446,446,446,004420-13033,,,0
447,447,447,014496-791-10001,,,2
448,448,448,014496-790-15002,,,0
449,449,449,004420-04014,,,0
450,450,450,004420-05015,,,0
451,451,451,014496-790-12002,,,24
452,452,452,014496-790-12001,,,24
453,453,453,014496-790-10002,,,22
454,454,454,014496-728-01500,,,186
455,455,455,014496-728-01200,,,146
456,456,456,014496-711-01122,,,48
457,457,457,014496-711-00922,,,22
458,458,458,014496-698-00001,,,26
459,459,459,014496-695-00001,,,104
460,460,460,014496-693-00001,,,70
461,461,461,014496-664-00600,,,78
462,462,462,014496-664-00300,,,2
463,463,463,014496-664-00100,,,4
464,464,464,004420-05033,,,0
465,465,465,004420-06051,,,0
466,466,466,014496-612-01500,,,67
467,467,467,004420-08033,,,0
468,468,468,014496-612-01200,,,8
469,469,469,014496-612-01000,,,9
470,470,470,014496-557-01412,,,0
471,471,471,014496-557-01112,,,48
472,472,472,014496-557-00912,,,22
473,473,473,014496-543-30005,,,0
474,474,474,014496-543-15005,,,93
475,475,475,014496-543-14505,,,3
476,476,476,014496-543-14005,,,15
477,477,477,014496-543-13505,,,5
478,478,478,014496-543-13005,,,4
479,479,479,014496-543-12505,,,4
480,480,480,014496-543-12005,,,5
481,481,481,014496-543-11505,,,3
482,482,482,014496-543-11005,,,1
483,483,483,014496-543-10505,,,0
484,484,484,014496-543-10005,,,5
485,485,485,014496-543-09505,,,6
486,486,486,014496-543-09005,,,8
487,487,487,014496-543-08505,,,6
488,488,488,014496-543-08005,,,17
489,489,489,014496-543-07505,,,4
490,490,490,014496-543-07005,,,2
491,491,491,014496-543-06505,,,15
492,492,492,014496-543-06005,,,4
493,493,493,014496-543-05505,,,1
494,494,494,014496-543-05005,,,4
495,495,495,014496-543-04505,,,24
496,496,496,014496-445-00008,,,66
497,497,497,014496-445-00007,,,109
498,498,498,014496-445-00006,,,70
499,499,499,014496-357-01500,,,0
500,500,500,014496-357-01200,,,0
501,501,501,014496-343-04005,,,0
502,502,502,014496-343-04002,,,0
503,503,503,014496-343-03002,,,0
504,504,504,014496-343-02502,,,0
505,505,505,014496-331-00001,,,0
506,506,506,014496-300-01000,,,68
507,507,507,014496-284-15498,,,0
508,508,508,014496-284-15398,,,0
509,509,509,014496-284-15225,,,158
510,510,510,014496-284-15152,,,21
511,511,511,014496-284-12498,,,6
512,512,512,014496-284-12398,,,0
513,513,513,014496-284-12298,,,0
514,514,514,014496-284-12248,,,0
515,515,515,014496-284-12225,,,42
516,516,516,014496-284-12152,,,0
517,517,517,014496-284-10225,,,8
518,518,518,014496-284-10152,,,14
519,519,519,014496-270-00300,,,0
520,520,520,014496-268-00300,,,0
521,521,521,014496-266-00300,,,3
522,522,522,014496-243-00600,,,16
523,523,523,014496-243-00300,,,14
524,524,524,014496-243-00100,,,4
525,525,525,014496-212-00001,,,17
526,526,526,014496-211-00001,,,0
527,527,527,014496-208-00001,,,6
528,528,528,014496-206-00001,,,18
529,529,529,014496-201-00001,,,6
530,530,530,014496-194-30000,,,25
531,531,531,014496-194-25502,,,1
532,532,532,014496-194-24500,,,10
533,533,533,014496-194-23500,,,1
534,534,534,014496-194-23000,,,4
535,535,535,014496-194-21502,,,1
536,536,536,014496-194-21002,,,0
537,537,537,014496-194-20502,,,1
538,538,538,014496-194-19002,,,1
539,539,539,014496-194-18502,,,0
540,540,540,014496-194-18000,,,2
541,541,541,014496-194-16502,,,24
542,542,542,014496-194-16002,,,2
543,543,543,014496-194-15002,,,8
544,544,544,014496-194-15000,,,3
545,545,545,014496-194-14002,,,1
546,546,546,014496-194-13502,,,0
547,547,547,014496-194-12502,,,1
548,548,548,014496-194-12002,,,1
549,549,549,014496-194-10502,,,0
550,550,550,014496-194-10002,,,1
551,551,551,014496-194-09002,,,1
552,552,552,014496-194-08502,,,0
553,553,553,014496-194-08002,,,1
554,554,554,014496-194-08000,,,0
555,555,555,014496-194-07502,,,0
556,556,556,014496-194-07002,,,2
557,557,557,014496-194-06502,,,1
558,558,558,014496-194-05502,,,2
559,559,559,014496-194-05002,,,2
560,560,560,014496-194-04502,,,4
561,561,561,014496-064-30001,,,80
562,562,562,014496-059-30002,,,64
563,563,563,014496-059-30001,,,25
564,564,564,014496-059-26002,,,0
565,565,565,014496-059-25002,,,0
566,566,566,014496-059-24002,,,0
567,567,567,014496-059-24001,,,0
568,568,568,014496-059-23002,,,0
569,569,569,014496-059-21502,,,1
570,570,570,014496-059-20502,,,0
571,571,571,014496-059-20002,,,2
572,572,572,014496-059-18001,,,1
573,573,573,014496-059-17502,,,1
574,574,574,014496-059-16502,,,0
575,575,575,014496-059-16002,,,0
576,576,576,014496-059-16001,,,0
577,577,577,014496-059-15004,,,18
578,578,578,014496-059-15002,,,3
579,579,579,014496-059-15001,,,4
580,580,580,014496-059-14504,,,1
581,581,581,014496-059-14501,,,0
582,582,582,014496-059-14004,,,0
583,583,583,014496-059-14002,,,1
584,584,584,014496-059-14001,,,0
585,585,585,014496-059-13504,,,3
586,586,586,014496-059-13502,,,18
587,587,587,014496-059-13004,,,0
588,588,588,014496-059-13002,,,1
589,589,589,014496-059-12504,,,2
590,590,590,014496-059-12502,,,1
591,591,591,014496-059-12501,,,2
592,592,592,014496-059-12004,,,2
593,593,593,014496-059-12002,,,0
594,594,594,014496-059-11504,,,0
595,595,595,014496-059-11004,,,2
596,596,596,014496-059-10504,,,1
597,597,597,014496-059-10502,,,0
598,598,598,014496-059-10501,,,13
599,599,599,014496-059-10004,,,3
600,600,600,014496-059-10001,,,1
601,601,601,014496-059-09504,,,2
602,602,602,014496-059-09502,,,0
603,603,603,014496-059-09004,,,5
604,604,604,014496-059-09002,,,0
605,605,605,014496-059-08504,,,0
606,606,606,014496-059-08501,,,0
607,607,607,014496-059-08004,,,1
608,608,608,014496-059-08002,,,0
609,609,609,014496-059-08001,,,2
610,610,610,014496-059-07504,,,3
611,611,611,014496-059-07502,,,1
612,612,612,014496-059-07501,,,3
613,613,613,014496-059-07004,,,0
614,614,614,014496-059-07002,,,2
615,615,615,014496-059-07001,,,2
616,616,616,014496-059-06504,,,0
617,617,617,014496-059-06004,,,0
618,618,618,014496-059-05504,,,1
619,619,619,014496-059-05004,,,1
620,620,620,014496-059-05002,,,0
621,621,621,014496-059-04504,,,3
622,622,622,014496-059-04502,,,7
623,623,623,014496-046-15005,,,0
624,624,624,014496-046-14505,,,0
625,625,625,014496-046-14005,,,0
626,626,626,014496-046-13505,,,0
627,627,627,014496-046-13005,,,0
628,628,628,014496-046-12505,,,0
629,629,629,014496-046-12005,,,0
630,630,630,014496-046-11505,,,0
631,631,631,014496-046-11005,,,0
632,632,632,014496-046-10505,,,0
633,633,633,014496-046-10005,,,0
634,634,634,014496-046-09505,,,0
635,635,635,014496-046-09005,,,0
636,636,636,014496-046-08505,,,0
637,637,637,014496-046-08005,,,0
638,638,638,014496-046-07505,,,0
639,639,639,014496-046-07005,,,0
640,640,640,014496-046-06505,,,0
641,641,641,014496-046-06005,,,0
642,642,642,014496-046-05505,,,0
643,643,643,014496-046-05005,,,0
644,644,644,004420-09014,,,0
645,645,645,014496-046-04505,,,0
646,646,646,004420-07014,,,0
647,647,647,004420-07033,,,0
648,648,648,004420-08014,,,0
649,649,649,014496-045-30002,,,0
650,650,650,014496-045-30000,,,0
651,651,651,014496-045-28500,,,0
652,652,652,014496-045-25502,,,0
653,653,653,014496-045-24500,,,0
654,654,654,014496-045-24002,,,0
655,655,655,014496-045-24000,,,0
656,656,656,014496-045-23502,,,0
657,657,657,014496-045-23000,,,0
658,658,658,014496-045-22000,,,0
659,659,659,014496-045-21002,,,0
660,660,660,014496-045-20502,,,0
661,661,661,014496-045-19502,,,0
662,662,662,014496-045-19002,,,0
663,663,663,014496-045-17002,,,0
664,664,664,014496-045-16502,,,0
665,665,665,014496-045-16002,,,0
666,666,666,014496-045-15002,,,0
667,667,667,014496-045-15000,,,0
668,668,668,014496-045-14002,,,0
669,669,669,014496-045-13002,,,0
670,670,670,014496-045-12502,,,0
671,671,671,014496-045-12002,,,0
672,672,672,014496-045-11002,,,0
673,673,673,014496-045-10502,,,0
674,674,674,014496-045-10002,,,0
675,675,675,014496-045-09502,,,0
676,676,676,014496-045-09500,,,0
677,677,677,014496-045-09002,,,0
678,678,678,014496-045-08502,,,0
679,679,679,014496-045-08002,,,0
680,680,680,014496-045-08000,,,0
681,681,681,014496-045-07502,,,0
682,682,682,014496-045-07002,,,0
683,683,683,014496-045-06002,,,0
684,684,684,014496-045-05502,,,0
685,685,685,014496-045-05002,,,0
686,686,686,014496-045-04502,,,0
687,687,687,013870-054-00001,,,61
688,688,688,013870-046-00001,,,0
689,689,689,013870-028-00001,,,0
690,690,690,013164-780-01500,,,0
691,691,691,013164-778-00160,,,0
692,692,692,013164-763-30740,,,0
693,693,693,013164-760-03000,,,0
694,694,694,013164-760-02930,,,0
695,695,695,013164-760-02920,,,0
696,696,696,013164-760-02870,,,0
697,697,697,013164-760-02810,,,0
698,698,698,013164-760-02670,,,0
699,699,699,013164-760-02650,,,0
700,700,700,013164-760-02540,,,0
701,701,701,013164-760-02530,,,0
702,702,702,013164-760-02520,,,0
703,703,703,013164-760-02510,,,0
704,704,704,013164-760-02500,,,0
705,705,705,013164-760-02490,,,0
706,706,706,013164-760-02480,,,0
707,707,707,013164-760-02470,,,0
708,708,708,013164-760-02320,,,0
709,709,709,013164-760-02300,,,0
710,710,710,013164-760-02260,,,0
711,711,711,013164-760-02210,,,0
712,712,712,013164-760-02200,,,0
713,713,713,013164-760-02190,,,0
714,714,714,013164-760-02120,,,0
715,715,715,013164-760-02100,,,0
716,716,716,013164-760-02090,,,0
717,717,717,013164-760-02080,,,0
718,718,718,013164-760-01940,,,0
719,719,719,013164-760-01930,,,0
720,720,720,013164-760-01800,,,0
721,721,721,013164-760-01790,,,0
722,722,722,013164-760-01760,,,0
723,723,723,013164-760-01750,,,0
724,724,724,013164-760-01660,,,0
725,725,725,013164-760-01520,,,0
726,726,726,013164-760-01510,,,0
727,727,727,013164-760-00980,,,0
728,728,728,013164-760-00960,,,0
729,729,729,013164-760-00920,,,0
730,730,730,013164-760-00520,,,0
731,731,731,013164-760-00500,,,0
732,732,732,013164-713-32980,,,0
733,733,733,013164-713-31940,,,0
734,734,734,013164-713-31920,,,0
735,735,735,013164-713-31520,,,0
736,736,736,013164-713-31160,,,0
737,737,737,013164-713-31020,,,0
738,738,738,013164-713-30920,,,0
739,739,739,013164-710-03000,,,0
740,740,740,013164-710-02960,,,0
741,741,741,013164-710-02920,,,0
742,742,742,013164-710-02900,,,0
743,743,743,013164-710-02880,,,0
744,744,744,013164-710-02840,,,0
745,745,745,013164-710-02820,,,0
746,746,746,013164-710-02800,,,0
747,747,747,013164-710-02760,,,0
748,748,748,013164-710-02740,,,0
749,749,749,013164-710-02720,,,0
750,750,750,013164-710-02700,,,0
751,751,751,013164-710-02660,,,0
752,752,752,013164-710-02600,,,0
753,753,753,013164-710-02580,,,0
754,754,754,013164-710-02560,,,0
755,755,755,013164-710-02540,,,0
756,756,756,013164-710-02520,,,0
757,757,757,013164-710-02400,,,0
758,758,758,013164-710-02380,,,0
759,759,759,013164-710-02360,,,0
760,760,760,013164-710-02340,,,0
761,761,761,013164-710-02220,,,0
762,762,762,013164-710-02160,,,0
763,763,763,013164-710-02100,,,0
764,764,764,013164-710-01900,,,0
765,765,765,013164-710-01760,,,0
766,766,766,013164-710-01620,,,0
767,767,767,013164-710-01600,,,0
768,768,768,013164-710-01580,,,0
769,769,769,013164-710-01460,,,0
770,770,770,013164-710-01400,,,0
771,771,771,013164-710-01380,,,0
772,772,772,013164-710-01340,,,0
773,773,773,013164-710-01300,,,0
774,774,774,013164-710-01260,,,0
775,775,775,013164-710-01240,,,0
776,776,776,013164-710-01080,,,0
777,777,777,013164-710-01060,,,0
778,778,778,013164-710-01040,,,0
779,779,779,013164-710-01020,,,0
780,780,780,013164-710-01000,,,0
781,781,781,013164-710-00980,,,0
782,782,782,013164-710-00940,,,0
783,783,783,013164-710-00920,,,0
784,784,784,013164-710-00900,,,0
785,785,785,013164-710-00880,,,0
786,786,786,013164-710-00860,,,0
787,787,787,013164-710-00820,,,0
788,788,788,013164-710-00780,,,0
789,789,789,013164-710-00760,,,0
790,790,790,013164-710-00740,,,0
791,791,791,013164-710-00720,,,0
792,792,792,013164-710-00700,,,0
793,793,793,013164-710-00640,,,0
794,794,794,013164-710-00600,,,0
795,795,795,013164-710-00560,,,0
796,796,796,013164-710-00500,,,0
797,797,797,013164-683-13001,,,0
798,798,798,013164-683-10004,,,0
799,799,799,013164-683-10002,,,0
800,800,800,013164-683-10001,,,0
801,801,801,013164-630-20654,,,0
802,802,802,013164-630-10654,,,0
803,803,803,013164-628-21070,,,0
804,804,804,013164-628-11070,,,0
805,805,805,013164-583-10004,,,0
806,806,806,013164-583-10002,,,0
807,807,807,013164-583-10001,,,0
808,808,808,013164-570-10099,,,0
809,809,809,013164-520-00001,,,0
810,810,810,013164-515-00001,,,0
811,811,811,013164-514-00001,,,0
812,812,812,013164-513-00001,,,0
813,813,813,013164-494-00001,,,0
814,814,814,013164-493-00001,,,0
815,815,815,013164-471-21202,,,0
816,816,816,013164-471-11202,,,0
817,817,817,013164-471-10300,,,0
818,818,818,013164-471-01202,,,0
819,819,819,013164-414-00022,,,0
820,820,820,013164-414-00021,,,0
821,821,821,013164-293-40250,,,0
822,822,822,013164-292-70350,,,0
823,823,823,013164-292-40350,,,0
824,824,824,013164-230-03000,,,0
825,825,825,013164-230-02700,,,0
826,826,826,013164-230-02250,,,0
827,827,827,013164-195-13011,,,0
828,828,828,013164-195-10012,,,0
829,829,829,013164-195-10011,,,0
830,830,830,013164-190-13011,,,0
831,831,831,013164-190-10013,,,0
832,832,832,013164-190-10012,,,0
833,833,833,013164-190-10011,,,0
834,834,834,013164-059-01300,,,0
835,835,835,013164-059-01000,,,0
836,836,836,013164-043-13000,,,0
837,837,837,013164-043-10000,,,0
838,838,838,013162-139-00001,,,104
839,839,839,013162-087-00300,,,0
840,840,840,013162-087-00100,,,27
841,841,841,013162-083-00001,,,0
842,842,842,013162-030-10300,,,7625
843,843,843,013162-030-10100,,,2495
844,844,844,013162-030-00300,,,0
845,845,845,013162-030-00100,,,0
846,846,846,013162-021-00001,,,104
847,847,847,013107-256-00450,,,2
848,848,848,013107-256-00800,,,0
849,849,849,013107-256-00900,,,0
850,850,850,013107-256-01000,,,2
851,851,851,013107-256-01050,,,0
852,852,852,013107-256-01100,,,0
853,853,853,013107-256-01250,,,4
854,854,854,013107-256-01350,,,2
855,855,855,013107-256-01450,,,0
856,856,856,013107-256-01500,,,16
857,857,857,013107-256-01600,,,0
858,858,858,013107-256-01800,,,3
859,859,859,013107-256-01900,,,0
860,860,860,013107-256-01950,,,2
861,861,861,013107-256-02000,,,2
862,862,862,013107-256-02300,,,2
863,863,863,013107-256-02400,,,0
864,864,864,013107-256-02600,,,2
865,865,865,013107-256-02850,,,0
866,866,866,013107-256-00750,,,6
867,867,867,013107-256-03000,,,64
868,868,868,013070-011-00190,,,0
869,869,869,013070-011-00120,,,0
870,870,870,013070-011-00090,,,0
871,871,871,013070-010-00190,,,0
872,872,872,013070-010-00120,,,0
873,873,873,013070-010-00090,,,0
874,874,874,013070-009-00001,,,0
875,875,875,013070-008-00001,,,0
876,876,876,013064-998-01020,,,28
877,877,877,013064-998-00820,,,58
878,878,878,013064-998-00720,,,330
879,879,879,013064-998-00620,,,1410
880,880,880,013064-998-00520,,,1398
881,881,881,013064-973-10760,,,0
882,882,882,013064-973-10560,,,1
883,883,883,013064-973-10460,,,75
884,884,884,013064-973-00860,,,0
885,885,885,013064-973-00760,,,6
886,886,886,013064-973-00660,,,6
887,887,887,013064-973-00560,,,0
888,888,888,013064-973-00490,,,0
889,889,889,013064-973-00478,,,0
890,890,890,013064-973-00460,,,0
891,891,891,013064-936-00001,,,1070
892,892,892,013064-931-12100,,,0
893,893,893,013064-917-10760,,,7
894,894,894,013064-917-10660,,,382
895,895,895,013064-917-10560,,,42
896,896,896,013064-917-10460,,,864
897,897,897,013064-917-00960,,,0
898,898,898,013064-917-00760,,,32
899,899,899,013064-917-00660,,,62
900,900,900,013064-917-00560,,,1036
901,901,901,013064-917-00522,,,0
902,902,902,013064-917-00488,,,0
903,903,903,013064-917-00460,,,1293
904,904,904,013064-889-00859,,,0
905,905,905,013064-889-00659,,,0
906,906,906,013064-884-00002,,,0
907,907,907,013064-884-00001,,,0
908,908,908,013064-848-00001,,,0
909,909,909,013064-798-00560,,,0
910,910,910,013064-798-00460,,,14
911,911,911,013064-782-00001,,,4319
912,912,912,013064-781-00001,,,197
913,913,913,013064-749-00795,,,448
914,914,914,013064-702-00644,,,0
915,915,915,013064-702-00544,,,0
916,916,916,013064-702-00444,,,0
917,917,917,013064-687-00958,,,142
918,918,918,013064-687-00858,,,570
919,919,919,013064-687-00758,,,1084
920,920,920,013064-687-00658,,,189
921,921,921,013064-687-00558,,,3947
922,922,922,013064-687-00458,,,9310
923,923,923,013064-682-11002,,,1
924,924,924,013064-682-01002,,,1
925,925,925,013064-643-00660,,,0
926,926,926,013064-643-00560,,,0
927,927,927,013064-643-00460,,,0
928,928,928,013064-613-12062,,,0
929,929,929,013064-613-11062,,,8
930,930,930,013064-560-10720,,,1
931,931,931,013064-560-10620,,,0
932,932,932,013064-560-10520,,,14
933,933,933,013064-560-01020,,,1
934,934,934,013064-560-00720,,,0
935,935,935,013064-560-00620,,,1
936,936,936,013064-560-00520,,,0
937,937,937,013064-558-00001,,,3375
938,938,938,013064-552-00001,,,24
939,939,939,013064-539-00001,,,18
940,940,940,013064-506-00001,,,48
941,941,941,013064-478-00001,,,0
942,942,942,013064-473-00001,,,494
943,943,943,013064-407-10001,,,10
944,944,944,013064-407-00001,,,34
945,945,945,013064-397-00096,,,24
946,946,946,013064-397-00086,,,89
947,947,947,013064-397-00076,,,121
948,948,948,013064-397-00066,,,64
949,949,949,013064-397-00056,,,590
950,950,950,013064-397-00046,,,740
951,951,951,013064-396-75096,,,127
952,952,952,013064-396-75086,,,214
953,953,953,013064-396-75076,,,462
954,954,954,013064-396-75066,,,423
955,955,955,013064-396-75056,,,2074
956,956,956,013064-395-75146,,,3607
957,957,957,013064-395-52196,,,5
958,958,958,013064-395-52186,,,1
959,959,959,013064-395-52176,,,18
960,960,960,013064-395-52166,,,16
961,961,961,013064-395-52156,,,111
962,962,962,013064-395-52146,,,139
963,963,963,013064-395-37196,,,0
964,964,964,013064-395-37186,,,1
965,965,965,013064-395-37176,,,12
966,966,966,013064-395-37166,,,13
967,967,967,013064-395-37156,,,32
968,968,968,013064-395-37146,,,91
969,969,969,013064-395-30196,,,0
970,970,970,013064-395-30186,,,5
971,971,971,013064-395-30176,,,19
972,972,972,013064-395-30166,,,30
973,973,973,013064-395-30156,,,188
974,974,974,013064-395-30146,,,172
975,975,975,013064-395-22196,,,11
976,976,976,013064-395-22186,,,79
977,977,977,013064-395-22176,,,67
978,978,978,013064-395-22166,,,49
979,979,979,013064-395-22156,,,237
980,980,980,013064-395-22146,,,258
981,981,981,013064-395-15146,,,0
982,982,982,013064-395-07196,,,6
983,983,983,013064-395-07186,,,1
984,984,984,013064-395-07176,,,27
985,985,985,013064-395-07166,,,13
986,986,986,013064-395-07156,,,42
987,987,987,013064-395-07146,,,181
988,988,988,013064-371-01198,,,7
989,989,989,013064-349-00001,,,0
990,990,990,013064-339-00001,,,8
991,991,991,013064-085-00560,,,0
992,992,992,013064-060-11020,,,0
993,993,993,013064-060-10720,,,0
994,994,994,013064-060-10620,,,10
995,995,995,013064-060-01020,,,0
996,996,996,013064-060-00920,,,12
997,997,997,013064-060-00720,,,12
998,998,998,013064-060-00620,,,3
999,999,999,013064-060-00520,,,22
1000,1000,1000,013064-023-02400,,,0
1001,1001,1001,013064-023-01800,,,23
1002,1002,1002,013064-023-01500,,,0
1003,1003,1003,013064-023-01200,,,29
1004,1004,1004,013064-023-00900,,,0
1005,1005,1005,013064-021-30732,,,14
1006,1006,1006,013064-021-30632,,,23
1007,1007,1007,013064-021-20632,,,11
1008,1008,1008,013064-019-30076,,,0
1009,1009,1009,013064-019-21076,,,14
1010,1010,1010,013064-019-15076,,,6
1011,1011,1011,013064-018-30066,,,2
1012,1012,1012,013064-018-21066,,,7
1013,1013,1013,013064-018-15066,,,23
1014,1014,1014,013064-017-00001,,,138
1015,1015,1015,013064-003-00520,,,28
1016,1016,1016,012806-075-00145,,,152
1017,1017,1017,012634-039-30001,,,228
1018,1018,1018,012632-998-00001,,,49458
1019,1019,1019,012632-997-01020,,,83
1020,1020,1020,012632-997-00920,,,143
1021,1021,1021,012632-997-00820,,,337
1022,1022,1022,012632-997-00720,,,568
1023,1023,1023,012632-997-00620,,,2271
1024,1024,1024,012632-997-00520,,,4535
1025,1025,1025,012632-964-00458,,,779
1026,1026,1026,012632-958-00958,,,0
1027,1027,1027,012632-958-00858,,,0
1028,1028,1028,012632-958-00758,,,355
1029,1029,1029,012632-958-00725,,,0
1030,1030,1030,012632-958-00716,,,0
1031,1031,1031,012632-958-00708,,,0
1032,1032,1032,012632-958-00692,,,0
1033,1033,1033,012632-958-00664,,,0
1034,1034,1034,012632-958-00658,,,1384
1035,1035,1035,012632-958-00633,,,0
1036,1036,1036,012632-958-00621,,,0
1037,1037,1037,012632-958-00588,,,0
1038,1038,1038,012632-958-00577,,,0
1039,1039,1039,012632-958-00558,,,6780
1040,1040,1040,012632-958-00553,,,0
1041,1041,1041,012632-958-00542,,,0
1042,1042,1042,012632-958-00534,,,0
1043,1043,1043,012632-958-00518,,,0
1044,1044,1044,012632-958-00491,,,0
1045,1045,1045,012632-958-00483,,,0
1046,1046,1046,012632-958-00458,,,12392
1047,1047,1047,012632-958-00448,,,0
1048,1048,1048,012632-958-00416,,,0
1049,1049,1049,012632-958-00414,,,0
1050,1050,1050,012632-958-00408,,,0
1051,1051,1051,012632-958-00380,,,0
1052,1052,1052,012632-958-00362,,,0
1053,1053,1053,012632-958-00345,,,0
1054,1054,1054,012632-958-00333,,,0
1055,1055,1055,012632-958-00318,,,0
1056,1056,1056,012632-958-00311,,,0
1057,1057,1057,012632-958-00275,,,0
1058,1058,1058,012632-958-00258,,,0
1059,1059,1059,012632-958-00241,,,0
1060,1060,1060,012632-958-00232,,,0
1061,1061,1061,012632-958-00206,,,0
1062,1062,1062,012632-958-00188,,,0
1063,1063,1063,012632-958-00183,,,0
1064,1064,1064,012632-958-00172,,,0
1065,1065,1065,012632-958-00145,,,0
1066,1066,1066,012632-958-00137,,,0
1067,1067,1067,012632-958-00108,,,0
1068,1068,1068,012632-907-00002,,,0
1069,1069,1069,012632-907-00001,,,33104
1070,1070,1070,009249-471-00001,,,0
1071,1071,1071,012632-905-30238,,,0
1072,1072,1072,012632-905-30118,,,0
1073,1073,1073,012632-905-30038,,,79
1074,1074,1074,012632-898-11001,,,1
1075,1075,1075,012632-898-01001,,,1
1076,1076,1076,012632-896-00520,,,1
1077,1077,1077,012632-885-00958,,,0
1078,1078,1078,012632-885-00758,,,0
1079,1079,1079,012632-885-00658,,,152
1080,1080,1080,012632-885-00558,,,705
1081,1081,1081,012632-885-00458,,,259
1082,1082,1082,012632-876-00001,,,0
1083,1083,1083,012632-875-00001,,,0
1084,1084,1084,012632-871-00002,,,0
1085,1085,1085,012632-850-00001,,,0
1086,1086,1086,012632-847-45960,,,4
1087,1087,1087,012632-847-45660,,,22
1088,1088,1088,012632-847-45560,,,17
1089,1089,1089,012632-847-45460,,,262
1090,1090,1090,012632-847-30760,,,6
1091,1091,1091,012632-847-30660,,,12
1092,1092,1092,012632-847-30560,,,4
1093,1093,1093,012632-847-30460,,,26
1094,1094,1094,012632-841-00520,,,1
1095,1095,1095,012632-819-21024,,,0
1096,1096,1096,012632-819-21013,,,0
1097,1097,1097,012632-819-21012,,,0
1098,1098,1098,012632-819-20625,,,0
1099,1099,1099,012632-819-20612,,,0
1100,1100,1100,012632-818-21012,,,0
1101,1101,1101,012632-818-20625,,,0
1102,1102,1102,012632-818-20624,,,0
1103,1103,1103,012632-818-20612,,,0
1104,1104,1104,012632-817-21025,,,0
1105,1105,1105,012632-817-21014,,,0
1106,1106,1106,012632-816-21025,,,0
1107,1107,1107,012632-816-21014,,,0
1108,1108,1108,012632-816-20615,,,0
1109,1109,1109,012632-761-00001,,,2587
1110,1110,1110,012632-760-00001,,,0
1111,1111,1111,012632-683-00001,,,238097
1112,1112,1112,012632-675-00001,,,0
1113,1113,1113,012632-539-00520,,,74
1114,1114,1114,012632-502-00001,,,0
1115,1115,1115,012632-427-00920,,,4
1116,1116,1116,012632-427-00820,,,6
1117,1117,1117,012632-427-00620,,,0
1118,1118,1118,012632-427-00520,,,90
1119,1119,1119,012632-409-00852,,,5
1120,1120,1120,012632-409-00652,,,1
1121,1121,1121,012632-394-50624,,,0
1122,1122,1122,012632-394-40614,,,0
1123,1123,1123,012632-392-10150,,,0
1124,1124,1124,012632-386-10111,,,0
1125,1125,1125,012632-365-11130,,,0
1126,1126,1126,012632-365-11090,,,9
1127,1127,1127,012632-365-11060,,,34
1128,1128,1128,012632-365-11045,,,43
1129,1129,1129,012632-365-11030,,,0
1130,1130,1130,012632-365-10130,,,23
1131,1131,1131,012632-365-10090,,,8
1132,1132,1132,012632-365-10060,,,32
1133,1133,1133,012632-365-10045,,,65
1134,1134,1134,012632-365-10030,,,0
1135,1135,1135,012632-365-01150,,,1
1136,1136,1136,012632-365-01130,,,0
1137,1137,1137,012632-365-01090,,,20
1138,1138,1138,012632-365-01060,,,27
1139,1139,1139,012632-365-01045,,,16
1140,1140,1140,012632-365-01020,,,0
1141,1141,1141,012632-365-00130,,,3
1142,1142,1142,012632-365-00090,,,15
1143,1143,1143,012632-365-00060,,,29
1144,1144,1144,012632-365-00045,,,48
1145,1145,1145,012632-365-00030,,,0
1146,1146,1146,012632-357-11090,,,0
1147,1147,1147,012632-357-11045,,,0
1148,1148,1148,012632-357-10130,,,0
1149,1149,1149,012632-357-10090,,,0
1150,1150,1150,012632-357-10060,,,0
1151,1151,1151,012632-357-10045,,,0
1152,1152,1152,012632-357-01130,,,0
1153,1153,1153,012632-357-01090,,,0
1154,1154,1154,012632-357-01060,,,0
1155,1155,1155,012632-357-01045,,,0
1156,1156,1156,012632-357-00090,,,0
1157,1157,1157,012632-357-00060,,,0
1158,1158,1158,012632-357-00045,,,0
1159,1159,1159,012632-352-00001,,,0
1160,1160,1160,012632-251-10460,,,3
1161,1161,1161,012632-251-00660,,,23
1162,1162,1162,012632-251-00460,,,155
1163,1163,1163,012632-238-10620,,,0
1164,1164,1164,012632-238-10520,,,0
1165,1165,1165,012632-224-00001,,,8
1166,1166,1166,012632-223-00001,,,209
1167,1167,1167,012632-222-00003,,,3
1168,1168,1168,012632-222-00002,,,0
1169,1169,1169,012632-222-00001,,,314
1170,1170,1170,012632-209-01020,,,1
1171,1171,1171,012632-209-00920,,,24
1172,1172,1172,012632-209-00820,,,9
1173,1173,1173,012632-209-00720,,,70
1174,1174,1174,012632-209-00620,,,15
1175,1175,1175,012632-209-00520,,,34
1176,1176,1176,012632-208-70041,,,0
1177,1177,1177,012632-208-40038,,,0
1178,1178,1178,012632-208-30041,,,0
1179,1179,1179,012632-208-30035,,,0
1180,1180,1180,012632-208-20047,,,0
1181,1181,1181,012632-208-20044,,,0
1182,1182,1182,012632-208-20041,,,0
1183,1183,1183,012632-208-20028,,,0
1184,1184,1184,012632-174-00600,,,0
1185,1185,1185,012632-174-00300,,,20
1186,1186,1186,012632-173-60300,,,0
1187,1187,1187,012632-173-60090,,,0
1188,1188,1188,012632-173-30060,,,0
1189,1189,1189,012632-169-90072,,,0
1190,1190,1190,012632-169-90062,,,7
1191,1191,1191,012632-169-90052,,,124
1192,1192,1192,012632-169-60072,,,5
1193,1193,1193,012632-169-60062,,,2
1194,1194,1194,012632-169-60052,,,5
1195,1195,1195,012632-169-45082,,,0
1196,1196,1196,012632-169-45072,,,3
1197,1197,1197,012632-169-45062,,,3
1198,1198,1198,012632-169-45052,,,20
1199,1199,1199,012632-169-30082,,,3
1200,1200,1200,012632-169-30072,,,1
1201,1201,1201,012632-169-30052,,,16
1202,1202,1202,012632-168-90000,,,131
1203,1203,1203,012632-168-60000,,,12
1204,1204,1204,012632-168-45000,,,26
1205,1205,1205,012632-168-30000,,,8
1206,1206,1206,012632-166-00135,,,0
1207,1207,1207,012632-164-10155,,,98
1208,1208,1208,012632-164-10055,,,6
1209,1209,1209,012632-164-00155,,,13137
1210,1210,1210,012632-164-00055,,,114
1211,1211,1211,012632-160-00001,,,16
1212,1212,1212,009527-020-20715,,,12
1213,1213,1213,009527-021-20715,,,12
1214,1214,1214,012632-148-07596,,,3
1215,1215,1215,012632-148-07576,,,15
1216,1216,1216,012632-148-07556,,,769
1217,1217,1217,012632-148-07546,,,47
1218,1218,1218,012632-141-10520,,,1248
1219,1219,1219,012632-140-30820,,,11
1220,1220,1220,012632-140-30720,,,133
1221,1221,1221,012632-140-30620,,,226
1222,1222,1222,012632-140-30520,,,85
1223,1223,1223,012632-140-21020,,,43
1224,1224,1224,012632-140-20920,,,68
1225,1225,1225,012632-140-20820,,,147
1226,1226,1226,004421-07033,,,12
1227,1227,1227,012632-140-20720,,,8
1228,1228,1228,012632-140-20620,,,580
1229,1229,1229,012632-140-20520,,,962
1230,1230,1230,012632-131-00820,,,6
1231,1231,1231,012632-131-00720,,,6
1232,1232,1232,012632-131-00620,,,12
1233,1233,1233,012632-104-02102,,,1
1234,1234,1234,012632-104-02062,,,3
1235,1235,1235,012632-104-01082,,,1
1236,1236,1236,012632-104-01072,,,0
1237,1237,1237,012632-104-01062,,,0
1238,1238,1238,012632-103-02102,,,1
1239,1239,1239,012632-103-02062,,,3
1240,1240,1240,012632-103-01102,,,1
1241,1241,1241,012632-103-01082,,,2
1242,1242,1242,012632-103-01072,,,5
1243,1243,1243,012632-096-00140,,,1
1244,1244,1244,012632-095-00001,,,272
1245,1245,1245,012632-094-00150,,,2506
1246,1246,1246,012632-094-00075,,,108
1247,1247,1247,012632-092-06204,,,1
1248,1248,1248,012632-092-05204,,,111
1249,1249,1249,012632-085-01020,,,4
1250,1250,1250,012632-085-00920,,,2
1251,1251,1251,012632-085-00820,,,28
1252,1252,1252,012632-085-00720,,,6
1253,1253,1253,012632-085-00620,,,81
1254,1254,1254,012632-085-00520,,,140
1255,1255,1255,012632-084-11020,,,0
1256,1256,1256,012632-084-10820,,,0
1257,1257,1257,012632-084-10720,,,0
1258,1258,1258,012632-084-10620,,,46
1259,1259,1259,012632-084-10520,,,16
1260,1260,1260,012632-082-11020,,,2
1261,1261,1261,012632-082-10920,,,0
1262,1262,1262,012632-082-10820,,,7
1263,1263,1263,012632-082-10720,,,25
1264,1264,1264,012632-082-10620,,,51
1265,1265,1265,012632-082-10520,,,27
1266,1266,1266,012632-082-00820,,,3
1267,1267,1267,012632-082-00520,,,10
1268,1268,1268,012632-064-00820,,,6
1269,1269,1269,012632-064-00720,,,1
1270,1270,1270,012632-064-00620,,,17
1271,1271,1271,012632-064-00520,,,53
1272,1272,1272,012632-063-01020,,,2
1273,1273,1273,012632-063-00820,,,3
1274,1274,1274,012632-063-00720,,,9
1275,1275,1275,012632-063-00620,,,147
1276,1276,1276,012632-063-00520,,,34
1277,1277,1277,012632-057-06204,,,2
1278,1278,1278,012632-057-05204,,,222
1279,1279,1279,012632-055-01020,,,15
1280,1280,1280,012632-055-00920,,,35
1281,1281,1281,012632-055-00820,,,58
1282,1282,1282,012632-055-00720,,,66
1283,1283,1283,012632-055-00620,,,398
1284,1284,1284,012632-055-00520,,,461
1285,1285,1285,012632-050-01020,,,3
1286,1286,1286,012632-050-00920,,,26
1287,1287,1287,012632-050-00820,,,25
1288,1288,1288,012632-050-00720,,,0
1289,1289,1289,012632-050-00620,,,84
1290,1290,1290,012632-050-00520,,,116
1291,1291,1291,012632-044-13029,,,0
1292,1292,1292,004552-09000,,,14
1293,1293,1293,012632-043-13000,,,56
1294,1294,1294,012632-015-17035,,,21152
1295,1295,1295,012632-015-17016,,,0
1296,1296,1296,012632-007-00960,,,5
1297,1297,1297,012632-007-00860,,,0
1298,1298,1298,012632-007-00760,,,48
1299,1299,1299,012632-007-00660,,,421
1300,1300,1300,012632-007-00560,,,750
1301,1301,1301,012632-007-00460,,,2167
1302,1302,1302,012632-006-00001,,,8720
1303,1303,1303,012632-005-01020,,,6
1304,1304,1304,012632-005-00920,,,0
1305,1305,1305,012632-005-00820,,,41
1306,1306,1306,012632-005-00720,,,246
1307,1307,1307,012632-005-00620,,,410
1308,1308,1308,012632-005-00520,,,879
1309,1309,1309,012632-002-04200,,,658
1310,1310,1310,012632-002-03000,,,8024
1311,1311,1311,012632-002-01500,,,2321
1312,1312,1312,012632-001-02100,,,0
1313,1313,1313,012632-001-01650,,,0
1314,1314,1314,012632-001-00825,,,0
1315,1315,1315,012632-001-00600,,,0
1316,1316,1316,012632-001-00525,,,0
1317,1317,1317,012608-087-00002,,,3
1318,1318,1318,012608-087-00001,,,3
1319,1319,1319,012608-066-10700,,,6
1320,1320,1320,012608-066-00700,,,0
1321,1321,1321,012608-028-06035,,,0
1322,1322,1322,012201-084-61110,,,1
1323,1323,1323,012201-084-30910,,,2
1324,1324,1324,012201-084-11410,,,1
1325,1325,1325,012201-035-00630,,,0
1326,1326,1326,012201-001-01200,,,103
1327,1327,1327,012201-001-01500,,,92
1328,1328,1328,012100-760-15070,,,0
1329,1329,1329,012100-760-11070,,,9
1330,1330,1330,012100-759-11070,,,0
1331,1331,1331,011565-555-00001,,,0
1332,1332,1332,011509-242-00600,,,11
1333,1333,1333,011508-045-11422,,,81
1334,1334,1334,011508-045-11122,,,23
1335,1335,1335,011508-045-10922,,,4
1336,1336,1336,011508-011-01500,,,0
1337,1337,1337,011508-011-01200,,,0
1338,1338,1338,011507-657-40000,,,30
1339,1339,1339,011507-657-20000,,,30
1340,1340,1340,011507-657-10000,,,3
1341,1341,1341,011507-450-60000,,,0
1342,1342,1342,011507-450-30000,,,0
1343,1343,1343,011507-023-01500,,,42
1344,1344,1344,011507-023-01200,,,15
1345,1345,1345,011507-023-01000,,,3
1346,1346,1346,011488-183-13000,,,0
1347,1347,1347,011488-183-10000,,,0
1348,1348,1348,011488-179-13000,,,0
1349,1349,1349,011488-179-10000,,,0
1350,1350,1350,011488-173-00577,,,0
1351,1351,1351,011488-159-09211,,,0
1352,1352,1352,011488-159-09210,,,4
1353,1353,1353,011488-159-08211,,,10
1354,1354,1354,011488-159-08210,,,27
1355,1355,1355,011488-159-06210,,,73
1356,1356,1356,011488-159-05210,,,81
1357,1357,1357,011488-119-00001,,,0
1358,1358,1358,011488-117-00001,,,0
1359,1359,1359,011488-115-13020,,,0
1360,1360,1360,011488-115-13010,,,0
1361,1361,1361,004421-10033,,,17
1362,1362,1362,011488-115-13000,,,0
1363,1363,1363,011488-115-10020,,,0
1364,1364,1364,011488-115-10010,,,0
1365,1365,1365,011488-115-10000,,,0
1366,1366,1366,011488-110-30000,,,0
1367,1367,1367,011488-110-27000,,,0
1368,1368,1368,011488-110-22500,,,0
1369,1369,1369,011488-058-00759,,,0
1370,1370,1370,011488-058-00559,,,0
1371,1371,1371,011488-058-00459,,,0
1372,1372,1372,010226-010-20060,,,971
1373,1373,1373,010226-010-20040C9A,,,115
1374,1374,1374,010226-010-20040,,,1842
1375,1375,1375,010226-010-20032,,,0
1376,1376,1376,010193-114-00530,,,0
1377,1377,1377,010193-114-00280,,,0
1378,1378,1378,010193-113-40035,,,0
1379,1379,1379,010193-113-30050,,,0
1380,1380,1380,010193-113-30047,,,0
1381,1381,1381,010193-113-30044,,,0
1382,1382,1382,010193-113-30041,,,0
1383,1383,1383,010193-113-30032,,,0
1384,1384,1384,010193-113-20041,,,4
1385,1385,1385,010193-113-20038,,,0
1386,1386,1386,010193-113-20032,,,0
1387,1387,1387,010193-071-00002,,,4
1388,1388,1388,010193-071-00001,,,4
1389,1389,1389,010193-031-00001,,,0
1390,1390,1390,010193-029-07083,,,0
1391,1391,1391,010193-029-07075,,,0
1392,1392,1392,010193-029-07060,,,0
1393,1393,1393,010193-029-06083,,,9
1394,1394,1394,010193-029-06075,,,0
1395,1395,1395,010193-029-05105,,,0
1396,1396,1396,010193-029-05098,,,0
1397,1397,1397,010193-029-05090,,,0
1398,1398,1398,010193-029-05083,,,67
1399,1399,1399,010193-029-05075,,,8
1400,1400,1400,010193-029-05068,,,1
1401,1401,1401,010193-029-05060,,,0
1402,1402,1402,010193-029-05053,,,32
1403,1403,1403,010193-029-05045,,,0
1404,1404,1404,010193-029-05038,,,0
1405,1405,1405,010193-029-04193,,,0
1406,1406,1406,010193-029-04083,,,16
1407,1407,1407,010193-029-04075,,,0
1408,1408,1408,010193-029-04060,,,0
1409,1409,1409,010193-029-04038,,,13
1410,1410,1410,010193-029-03268,,,0
1411,1411,1411,010193-029-03218,,,0
1412,1412,1412,010193-029-03193,,,0
1413,1413,1413,010193-029-03143,,,0
1414,1414,1414,010193-029-03135,,,0
1415,1415,1415,010193-029-03120,,,0
1416,1416,1416,010193-029-03090,,,0
1417,1417,1417,010193-029-03083,,,97
1418,1418,1418,010193-029-03075,,,8
1419,1419,1419,010193-029-03068,,,9
1420,1420,1420,010193-029-03060,,,333
1421,1421,1421,010193-029-03053,,,217
1422,1422,1422,010193-029-03045,,,73
1423,1423,1423,010193-029-03038,,,0
1424,1424,1424,010193-029-02243,,,0
1425,1425,1425,010193-029-02193,,,21
1426,1426,1426,010193-029-02128,,,5
1427,1427,1427,010193-029-02120,,,15
1428,1428,1428,010193-029-02113,,,9
1429,1429,1429,010193-029-02105,,,10
1430,1430,1430,010193-029-02098,,,1
1431,1431,1431,010193-029-02090,,,7
1432,1432,1432,010193-029-02083,,,483
1433,1433,1433,010193-029-02075,,,21
1434,1434,1434,010193-029-02068,,,22
1435,1435,1435,010193-029-02060,,,87
1436,1436,1436,010193-029-02053,,,136
1437,1437,1437,010193-029-02045,,,27
1438,1438,1438,010193-029-02038,,,36
1439,1439,1439,010193-026-01710,,,0
1440,1440,1440,010193-026-01310,,,0
1441,1441,1441,010193-026-01110,,,6
1442,1442,1442,010193-026-00910,,,33
1443,1443,1443,010193-026-00810,,,24
1444,1444,1444,010193-026-00710,,,109
1445,1445,1445,010193-026-00610,,,166
1446,1446,1446,010193-026-00510,,,0
1447,1447,1447,010193-023-00002,,,17
1448,1448,1448,010193-023-00001,,,911
1449,1449,1449,010193-021-03082,,,66
1450,1450,1450,010193-021-03052,,,0
1451,1451,1451,010193-014-00001,,,0
1452,1452,1452,010193-012-01710,,,39
1453,1453,1453,010193-012-01510,,,0
1454,1454,1454,010193-012-01310,,,160
1455,1455,1455,010193-011-13082,,,33
1456,1456,1456,010193-007-01200,,,0
1457,1457,1457,010193-007-01050,,,0
1458,1458,1458,010193-007-00825,,,27
1459,1459,1459,010193-007-00750,,,0
1460,1460,1460,010193-007-00675,,,6
1461,1461,1461,010193-007-00600,,,0
1462,1462,1462,010193-007-00525,,,24
1463,1463,1463,010193-007-00375,,,0
1464,1464,1464,010193-005-00001,,,0
1465,1465,1465,010193-001-01110,,,202
1466,1466,1466,010193-001-01010,,,26
1467,1467,1467,010193-001-00910,,,327
1468,1468,1468,010193-001-00810,,,66
1469,1469,1469,010193-001-00710,,,865
1470,1470,1470,010193-001-00610,,,1356
1471,1471,1471,010192-036-00150,,,442
1472,1472,1472,010188-062-01020,,,0
1473,1473,1473,010188-058-00958,,,0
1474,1474,1474,010188-058-00558,,,0
1475,1475,1475,010188-057-00040,,,0
1476,1476,1476,010188-057-00030,,,0
1477,1477,1477,010188-054-01020,,,0
1478,1478,1478,010188-053-01020,,,0
1479,1479,1479,010188-052-01020,,,0
1480,1480,1480,010188-052-00620,,,0
1481,1481,1481,010188-051-00620,,,0
1482,1482,1482,010188-032-00001,,,7
1483,1483,1483,009847-313-00600,,,0
1484,1484,1484,009847-278-00001CUZ,,,0
1485,1485,1485,009847-278-00001,,,142
1486,1486,1486,009847-264-00600,,,0
1487,1487,1487,009650-075-00001,,,28
1488,1488,1488,009570-218-00001,,,14
1489,1489,1489,009570-213-01500,,,0
1490,1490,1490,009570-213-01200,,,0
1491,1491,1491,009570-212-01000,,,0
1492,1492,1492,009570-211-63000,,,20
1493,1493,1493,009570-211-62550,,,0
1494,1494,1494,009570-211-61600,,,0
1495,1495,1495,009570-211-61500,,,4
1496,1496,1496,009570-211-61400,,,12
1497,1497,1497,009570-211-61350,,,0
1498,1498,1498,009570-211-61300,,,0
1499,1499,1499,009570-211-61250,,,2
1500,1500,1500,009570-211-61200,,,1
1501,1501,1501,009570-211-61150,,,0
1502,1502,1502,009570-211-61100,,,1
1503,1503,1503,009570-211-61050,,,1
1504,1504,1504,009570-211-61000,,,1
1505,1505,1505,009570-211-60950,,,1
1506,1506,1506,009570-211-60900,,,0
1507,1507,1507,009570-211-60850,,,0
1508,1508,1508,009570-211-60800,,,15
1509,1509,1509,009570-211-60750,,,4
1510,1510,1510,009570-211-60550,,,0
1511,1511,1511,009570-211-60500,,,0
1512,1512,1512,009570-211-60450,,,0
1513,1513,1513,009570-211-33000,,,0
1514,1514,1514,009570-211-31500,,,1
1515,1515,1515,009570-211-30900,,,0
1516,1516,1516,009570-211-30700,,,0
1517,1517,1517,009570-211-30450,,,0
1518,1518,1518,004552-07000,,,29
1519,1519,1519,009570-210-60000,,,0
1520,1520,1520,009570-209-63000,,,0
1521,1521,1521,009570-209-61250,,,0
1522,1522,1522,009570-208-63000,,,2
1523,1523,1523,009570-208-60850,,,0
1524,1524,1524,009570-208-30950,,,0
1525,1525,1525,009570-176-60448,,,0
1526,1526,1526,009570-172-60448,,,0
1527,1527,1527,009570-170-60448,,,0
1528,1528,1528,009527-129-00558,,,0
1529,1529,1529,009527-119-00001,,,4
1530,1530,1530,009527-118-00001,,,3
1531,1531,1531,009527-068-00001,,,0
1532,1532,1532,009527-064-00001,,,0
1533,1533,1533,009527-057-00001,,,0
1534,1534,1534,009527-053-03748,,,0
1535,1535,1535,012632-157-00001,,,375
1536,1536,1536,012632-157-10001,,,0
1537,1537,1537,009249-826-00001,,,0
1538,1538,1538,009249-771-00110,,,0
1539,1539,1539,009249-771-00030,,,2
1540,1540,1540,009249-771-00010,,,77
1541,1541,1541,009249-766-00001,,,9875
1542,1542,1542,009249-765-00250,,,0
1543,1543,1543,009249-746-00190,,,24
1544,1544,1544,009249-746-00150,,,23
1545,1545,1545,009249-746-00090,,,84
1546,1546,1546,009249-745-00190,,,24
1547,1547,1547,009249-745-00150,,,42
1548,1548,1548,009249-745-00090,,,110
1549,1549,1549,009249-735-50625,,,8
1550,1550,1550,009249-735-50624,,,0
1551,1551,1551,009249-735-40624,,,28
1552,1552,1552,009249-717-00145,,,0
1553,1553,1553,009249-696-20633,,,8
1554,1554,1554,009249-684-21025,,,0
1555,1555,1555,009249-684-21024,,,6
1556,1556,1556,009249-684-21013,,,2
1557,1557,1557,009249-684-21012,,,7
1558,1558,1558,009249-684-20612,,,12
1559,1559,1559,009249-683-21024,,,0
1560,1560,1560,009249-683-21013,,,0
1561,1561,1561,009249-683-21012,,,1
1562,1562,1562,009249-683-20625,,,3
1563,1563,1563,009249-683-20612,,,1
1564,1564,1564,009249-682-21025,,,2
1565,1565,1565,009249-682-21014,,,4
1566,1566,1566,009249-682-20614,,,0
1567,1567,1567,009249-681-21025,,,1
1568,1568,1568,009249-681-21014,,,3
1569,1569,1569,009249-679-21043,,,0
1570,1570,1570,009249-679-21023,,,4
1571,1571,1571,009249-679-20627,,,2
1572,1572,1572,009249-679-20624,,,4
1573,1573,1573,009249-679-20623,,,3
1574,1574,1574,009249-679-20622,,,141
1575,1575,1575,009249-679-20322,,,1
1576,1576,1576,009249-678-20624,,,5
1577,1577,1577,009249-678-20623,,,2
1578,1578,1578,009249-678-20622,,,5
1579,1579,1579,009249-677-21023,,,0
1580,1580,1580,009249-677-21014,,,2
1581,1581,1581,009249-677-21013,,,3
1582,1582,1582,009249-677-20614,,,5
1583,1583,1583,009249-677-20612,,,24
1584,1584,1584,009249-676-20615,,,3
1585,1585,1585,009249-676-20614,,,1
1586,1586,1586,009249-676-20612,,,16
1587,1587,1587,009249-660-10150,,,6
1588,1588,1588,009249-654-00060,,,0
1589,1589,1589,009249-654-00045,,,2
1590,1590,1590,009249-653-00110,,,0
1591,1591,1591,009249-653-00060,,,8
1592,1592,1592,009249-653-00045,,,6
1593,1593,1593,009249-653-00030,,,3
1594,1594,1594,009249-652-10060,,,7
1595,1595,1595,009249-652-10045,,,3
1596,1596,1596,009249-652-00060,,,29
1597,1597,1597,009249-652-00045,,,5
1598,1598,1598,009249-648-00045,,,0
1599,1599,1599,009249-645-11090,,,0
1600,1600,1600,009249-645-11060,,,7
1601,1601,1601,009249-645-11045,,,3
1602,1602,1602,009249-645-10130,,,1
1603,1603,1603,009249-645-10090,,,19
1604,1604,1604,009249-645-10060,,,19
1605,1605,1605,009249-645-10045,,,29
1606,1606,1606,009249-645-10030,,,0
1607,1607,1607,009249-645-01090,,,7
1608,1608,1608,009249-645-01060,,,9
1609,1609,1609,009249-645-01045,,,3
1610,1610,1610,009249-645-00090,,,20
1611,1611,1611,009249-645-00060,,,12
1612,1612,1612,009249-645-00045,,,27
1613,1613,1613,009249-640-11069,,,56
1614,1614,1614,009249-640-11049,,,0
1615,1615,1615,009249-640-10049,,,0
1616,1616,1616,009249-637-20060,,,70
1617,1617,1617,009249-637-20045,,,0
1618,1618,1618,009249-637-20030,,,17
1619,1619,1619,009249-632-00001,,,128
1620,1620,1620,009249-627-00001,,,128
1621,1621,1621,009249-621-00650,,,52
1622,1622,1622,009249-577-00013,,,0
1623,1623,1623,009249-554-00001,,,1610
1624,1624,1624,009249-549-21043,,,0
1625,1625,1625,009249-549-20624,,,0
1626,1626,1626,009249-549-20623,,,0
1627,1627,1627,009249-549-20622,,,0
1628,1628,1628,009249-549-20322,,,0
1629,1629,1629,009249-548-20624,,,0
1630,1630,1630,009249-548-20623,,,0
1631,1631,1631,009249-548-20622,,,0
1632,1632,1632,009249-548-20322,,,0
1633,1633,1633,009249-547-21023,,,0
1634,1634,1634,009249-547-21022,,,0
1635,1635,1635,009249-547-20615,,,0
1636,1636,1636,009249-547-20614,,,0
1637,1637,1637,009249-547-20612,,,0
1638,1638,1638,009249-547-20312,,,0
1639,1639,1639,009249-544-00045,,,0
1640,1640,1640,009249-519-20615,,,0
1641,1641,1641,009249-519-20612,,,0
1642,1642,1642,009249-494-20004,,,220
1643,1643,1643,009249-468-00520,,,88
1644,1644,1644,009249-467-00155,,,2
1645,1645,1645,009249-467-00055,,,1110
1646,1646,1646,009249-466-00154,,,0
1647,1647,1647,009249-466-00054,,,555
1648,1648,1648,009249-465-01574,,,0
1649,1649,1649,009249-465-00574,,,2090
1650,1650,1650,009249-465-00559,,,530
1651,1651,1651,009249-465-00544,,,186
1652,1652,1652,009249-462-00007,,,4
1653,1653,1653,009249-462-00004,,,8
1654,1654,1654,009249-462-00003,,,12
1655,1655,1655,009249-462-00002,,,222
1656,1656,1656,009249-461-45960,,,2
1657,1657,1657,009249-461-45660,,,4
1658,1658,1658,009249-461-45560,,,6
1659,1659,1659,009249-461-45460,,,111
1660,1660,1660,009249-461-30660,,,5
1661,1661,1661,009249-461-30560,,,2
1662,1662,1662,009249-461-30460,,,1
1663,1663,1663,009249-460-90072,,,0
1664,1664,1664,009249-460-90062,,,0
1665,1665,1665,009249-460-90052,,,0
1666,1666,1666,009249-460-60072,,,0
1667,1667,1667,009249-460-60062,,,0
1668,1668,1668,009249-460-60052,,,0
1669,1669,1669,009249-460-45082,,,0
1670,1670,1670,009249-460-45072,,,0
1671,1671,1671,009249-460-45062,,,0
1672,1672,1672,009249-460-45052,,,0
1673,1673,1673,009249-460-30082,,,0
1674,1674,1674,009249-460-30052,,,0
1675,1675,1675,009249-459-00004,,,5
1676,1676,1676,009249-459-00003,,,2
1677,1677,1677,009249-459-00002,,,1
1678,1678,1678,009249-458-00090,,,125
1679,1679,1679,009249-458-00060,,,8
1680,1680,1680,009249-456-10001,,,0
1681,1681,1681,009249-456-00001,,,0
1682,1682,1682,009249-453-00001,,,3982
1683,1683,1683,009249-442-31102,,,2
1684,1684,1684,009249-442-31092,,,1
1685,1685,1685,009249-442-31082,,,1
1686,1686,1686,009249-442-31062,,,1
1687,1687,1687,009249-442-31052,,,18
1688,1688,1688,009249-442-30102,,,0
1689,1689,1689,009249-442-30082,,,7
1690,1690,1690,009249-442-30072,,,0
1691,1691,1691,009249-442-30062,,,5
1692,1692,1692,009249-442-30052,,,13
1693,1693,1693,009249-442-21102,,,1
1694,1694,1694,009249-442-21082,,,2
1695,1695,1695,009249-442-21062,,,1
1696,1696,1696,009249-442-21052,,,8
1697,1697,1697,009249-442-20082,,,6
1698,1698,1698,009249-442-20062,,,17
1699,1699,1699,009249-442-20052,,,8
1700,1700,1700,009249-441-30092,,,1
1701,1701,1701,009249-441-30052,,,1
1702,1702,1702,009249-441-21052,,,3
1703,1703,1703,009249-441-20052,,,12
1704,1704,1704,009249-436-11020,,,7
1705,1705,1705,009249-436-10820,,,29
1706,1706,1706,009249-436-10720,,,47
1707,1707,1707,009249-436-10620,,,239
1708,1708,1708,009249-436-10520,,,465
1709,1709,1709,009249-436-01020,,,7
1710,1710,1710,009249-436-00820,,,0
1711,1711,1711,009249-436-00720,,,118
1712,1712,1712,009249-436-00620,,,475
1713,1713,1713,009249-436-00520,,,229
1714,1714,1714,009249-435-51295,,,476
1715,1715,1715,009249-435-50295,,,0
1716,1716,1716,009249-434-01020,,,14
1717,1717,1717,009249-434-00820,,,29
1718,1718,1718,009249-434-00720,,,165
1719,1719,1719,009249-434-00620,,,705
1720,1720,1720,009249-434-00520,,,699
1721,1721,1721,009249-431-10092,,,2
1722,1722,1722,009249-431-10082,,,3
1723,1723,1723,009249-431-10062,,,0
1724,1724,1724,009249-431-10052,,,45
1725,1725,1725,009249-431-00092,,,2
1726,1726,1726,009249-431-00082,,,3
1727,1727,1727,009249-431-00062,,,0
1728,1728,1728,009249-431-00052,,,45
1729,1729,1729,009249-426-00040,,,140
1730,1730,1730,009249-426-00015,,,156
1731,1731,1731,009249-423-00001,,,0
1732,1732,1732,009249-422-33004,,,10
1733,1733,1733,009249-422-23004,,,1739
1734,1734,1734,009249-422-22004,,,656
1735,1735,1735,009249-422-21004,,,190
1736,1736,1736,009249-420-00001,,,0
1737,1737,1737,009249-419-00001,,,0
1738,1738,1738,009249-418-00920,,,0
1739,1739,1739,009249-418-00820,,,11
1740,1740,1740,009249-418-00720,,,69
1741,1741,1741,009249-418-00620,,,42
1742,1742,1742,009249-418-00520,,,85
1743,1743,1743,009249-403-06072,,,0
1744,1744,1744,009249-403-06052,,,87
1745,1745,1745,009249-391-00620,,,0
1746,1746,1746,009249-391-00520,,,2
1747,1747,1747,012632-906-00001,,,33506
1748,1748,1748,009249-353-90072,,,0
1749,1749,1749,009249-353-90062,,,0
1750,1750,1750,009249-353-90052,,,0
1751,1751,1751,009249-353-45062,,,0
1752,1752,1752,009249-353-45052,,,0
1753,1753,1753,009249-342-00620,,,0
1754,1754,1754,009249-342-00520,,,2
1755,1755,1755,009249-341-00620,,,1
1756,1756,1756,009249-341-00520,,,0
1757,1757,1757,009249-313-10520,,,6
1758,1758,1758,009249-312-11020,,,0
1759,1759,1759,009249-312-10920,,,0
1760,1760,1760,009249-310-00660,,,5
1761,1761,1761,009249-265-00002,,,100
1762,1762,1762,009249-265-00001,,,100
1763,1763,1763,009249-260-02923,,,264
1764,1764,1764,009249-190-00001,,,0
1765,1765,1765,009249-184-00720,,,0
1766,1766,1766,009249-184-00520,,,157
1767,1767,1767,009249-173-00001,,,14
1768,1768,1768,009249-111-11072,,,0
1769,1769,1769,009249-111-11062,,,0
1770,1770,1770,009249-097-02400,,,0
1771,1771,1771,009249-088-00001,,,866
1772,1772,1772,009249-018-13092,,,60
1773,1773,1773,009249-018-13062,,,0
1774,1774,1774,009249-018-13052,,,468
1775,1775,1775,009249-018-12062,,,0
1776,1776,1776,009249-018-12052,,,443
1777,1777,1777,009201-729-00001,,,0
1778,1778,1778,009201-727-00001,,,0
1779,1779,1779,009201-722-00040,,,0
1780,1780,1780,009201-722-00030,,,0
1781,1781,1781,009201-722-00020,,,0
1782,1782,1782,009201-720-00040,,,0
1783,1783,1783,009201-720-00030,,,0
1784,1784,1784,009201-720-00020,,,0
1785,1785,1785,009201-717-01020,,,0
1786,1786,1786,009201-717-00620,,,8
1787,1787,1787,009201-706-00960,,,0
1788,1788,1788,009201-706-00930,,,0
1789,1789,1789,009201-706-00903,,,0
1790,1790,1790,009201-706-00876,,,0
1791,1791,1791,009201-706-00849,,,0
1792,1792,1792,009201-706-00821,,,0
1793,1793,1793,009201-706-00794,,,0
1794,1794,1794,009201-706-00767,,,0
1795,1795,1795,009201-706-00740,,,0
1796,1796,1796,009201-706-00713,,,0
1797,1797,1797,009201-706-00686,,,0
1798,1798,1798,009201-706-00659,,,0
1799,1799,1799,009201-706-00632,,,0
1800,1800,1800,009201-706-00604,,,0
1801,1801,1801,009201-706-00577,,,0
1802,1802,1802,009201-706-00560,,,0
1803,1803,1803,009201-706-00550,,,0
1804,1804,1804,009201-706-00530,,,0
1805,1805,1805,009201-706-00523,,,0
1806,1806,1806,009201-706-00503,,,0
1807,1807,1807,009201-706-00496,,,0
1808,1808,1808,009201-706-00476,,,0
1809,1809,1809,009201-706-00469,,,0
1810,1810,1810,009201-706-00449,,,0
1811,1811,1811,009201-706-00442,,,0
1812,1812,1812,009201-706-00421,,,0
1813,1813,1813,009201-706-00414,,,0
1814,1814,1814,009201-706-00394,,,0
1815,1815,1815,009201-706-00387,,,0
1816,1816,1816,009201-706-00367,,,0
1817,1817,1817,009201-706-00360,,,0
1818,1818,1818,009201-706-00340,,,0
1819,1819,1819,009201-706-00333,,,0
1820,1820,1820,009201-706-00313,,,0
1821,1821,1821,009201-706-00306,,,0
1822,1822,1822,009201-706-00286,,,0
1823,1823,1823,009201-706-00279,,,0
1824,1824,1824,009201-706-00259,,,0
1825,1825,1825,009201-706-00252,,,0
1826,1826,1826,009201-706-00232,,,0
1827,1827,1827,009201-706-00225,,,0
1828,1828,1828,009201-706-00204,,,0
1829,1829,1829,009201-706-00197,,,0
1830,1830,1830,009201-706-00177,,,0
1831,1831,1831,009201-706-00170,,,0
1832,1832,1832,009201-706-00150,,,0
1833,1833,1833,009201-706-00143,,,0
1834,1834,1834,009201-705-13200,,,0
1835,1835,1835,009201-705-10200,,,0
1836,1836,1836,009201-705-10100,,,0
1837,1837,1837,009201-684-01020,,,0
1838,1838,1838,009201-684-00620,,,14
1839,1839,1839,009201-683-01020,,,0
1840,1840,1840,009201-683-00620,,,6
1841,1841,1841,009201-682-00040,,,0
1842,1842,1842,009201-682-00030,,,0
1843,1843,1843,009201-682-00020,,,0
1844,1844,1844,009201-681-00001,,,0
1845,1845,1845,009201-680-01020,,,0
1846,1846,1846,009201-680-00620,,,8
1847,1847,1847,009201-679-01020,,,0
1848,1848,1848,009201-679-00620,,,6
1849,1849,1849,009201-675-00001,,,0
1850,1850,1850,009201-674-00001,,,0
1851,1851,1851,009201-673-00001,,,0
1852,1852,1852,009201-671-02040,,,14
1853,1853,1853,009201-671-01530,,,0
1854,1854,1854,009201-662-01020,,,0
1855,1855,1855,009201-662-00620,,,0
1856,1856,1856,009201-624-11165,,,0
1857,1857,1857,009201-624-11157,,,0
1858,1858,1858,009201-624-11137,,,1
1859,1859,1859,009201-624-11135,,,3
1860,1860,1860,009201-624-11125,,,11
1861,1861,1861,009201-624-11065,,,3
1862,1862,1862,009201-624-11057,,,3
1863,1863,1863,009201-624-11037,,,6
1864,1864,1864,009201-624-11035,,,2
1865,1865,1865,009201-624-11025,,,0
1866,1866,1866,009201-624-01157,,,2
1867,1867,1867,009201-624-01155,,,1
1868,1868,1868,009201-624-01137,,,1
1869,1869,1869,009201-624-01135,,,4
1870,1870,1870,009201-624-01125,,,11
1871,1871,1871,009201-624-01065,,,1
1872,1872,1872,009201-624-01035,,,0
1873,1873,1873,009201-608-02990,,,0
1874,1874,1874,009201-608-01500,,,0
1875,1875,1875,009201-608-00750,,,0
1876,1876,1876,009201-608-00500,,,0
1877,1877,1877,009201-608-00300,,,0
1878,1878,1878,009201-603-00001,,,0
1879,1879,1879,009201-586-00000,,,0
1880,1880,1880,009201-571-13001,,,0
1881,1881,1881,009201-571-10001,,,0
1882,1882,1882,009201-571-10000,,,0
1883,1883,1883,009201-570-20130,,,0
1884,1884,1884,009201-570-10100,,,0
1885,1885,1885,009201-567-00001,,,0
1886,1886,1886,009201-560-00200,,,0
1887,1887,1887,009201-559-00200,,,0
1888,1888,1888,009201-556-00001,,,0
1889,1889,1889,009201-556-00000,,,0
1890,1890,1890,009201-554-00000,,,0
1891,1891,1891,009201-553-00000,,,0
1892,1892,1892,009201-552-00000,,,0
1893,1893,1893,009201-551-00001,,,0
1894,1894,1894,009201-484-00001,,,0
1895,1895,1895,009201-476-00002,,,0
1896,1896,1896,009201-476-00001,,,0
1897,1897,1897,009201-471-00001,,,0
1898,1898,1898,009201-470-00001,,,0
1899,1899,1899,009201-469-00001,,,0
1900,1900,1900,009201-468-00001,,,0
1901,1901,1901,009201-465-00001,,,0
1902,1902,1902,009201-464-00001,,,0
1903,1903,1903,009201-462-01130,,,0
1904,1904,1904,009201-462-00130,,,0
1905,1905,1905,009201-446-13011,,,0
1906,1906,1906,009201-445-10011,,,0
1907,1907,1907,009201-445-10010,,,0
1908,1908,1908,009201-442-10011,,,0
1909,1909,1909,009201-442-10010,,,0
1910,1910,1910,009201-441-10021,,,0
1911,1911,1911,009201-441-10020,,,0
1912,1912,1912,009201-440-13021,,,0
1913,1913,1913,009201-440-10021,,,0
1914,1914,1914,009201-440-10020,,,0
1915,1915,1915,009201-438-00002,,,0
1916,1916,1916,009201-438-00001,,,0
1917,1917,1917,009201-426-01020,,,0
1918,1918,1918,009201-426-00820,,,0
1919,1919,1919,009201-426-00720,,,0
1920,1920,1920,009201-426-00620,,,8
1921,1921,1921,009201-425-00960,,,0
1922,1922,1922,009201-425-00560,,,0
1923,1923,1923,009201-416-00025,,,0
1924,1924,1924,009201-415-00001,,,0
1925,1925,1925,009201-405-00001,,,0
1926,1926,1926,009201-404-00001,,,0
1927,1927,1927,009201-403-01020,,,0
1928,1928,1928,009201-403-00620,,,0
1929,1929,1929,009201-402-01020,,,0
1930,1930,1930,009201-402-00620,,,0
1931,1931,1931,009201-401-00001,,,0
1932,1932,1932,015593-071-01200,,,1
1933,1933,1933,009201-355-00001,,,0
1934,1934,1934,009201-349-00022,,,0
1935,1935,1935,009201-332-00001,,,0
1936,1936,1936,009201-331-00860,,,0
1937,1937,1937,009201-331-00560,,,0
1938,1938,1938,009201-330-00001,,,0
1939,1939,1939,009201-267-00958,,,0
1940,1940,1940,009201-267-00558,,,0
1941,1941,1941,009201-265-00040,,,0
1942,1942,1942,009201-265-00030,,,0
1943,1943,1943,009201-263-00040,,,0
1944,1944,1944,009201-263-00030,,,0
1945,1945,1945,009201-260-10620,,,0
1946,1946,1946,009201-260-01020,,,0
1947,1947,1947,009201-260-00620,,,0
1948,1948,1948,009201-252-00040,,,0
1949,1949,1949,009201-252-00030,,,0
1950,1950,1950,009201-235-00001,,,0
1951,1951,1951,009201-230-00001,,,0
1952,1952,1952,009201-229-01020,,,0
1953,1953,1953,009201-229-00620,,,0
1954,1954,1954,009201-149-01020,,,0
1955,1955,1955,009201-149-00620,,,0
1956,1956,1956,004552-05000,,,705
1957,1957,1957,009201-149-00520,,,0
1958,1958,1958,009201-145-00001,,,0
1959,1959,1959,009201-140-00001,,,0
1960,1960,1960,009201-137-00001,,,0
1961,1961,1961,009201-135-00001,,,0
1962,1962,1962,009201-131-00001,,,0
1963,1963,1963,009201-130-00001,,,0
1964,1964,1964,009201-129-00001,,,0
1965,1965,1965,009201-125-00001,,,0
1966,1966,1966,009201-120-00001,,,0
1967,1967,1967,009201-100-00001,,,0
1968,1968,1968,009201-090-00860,,,0
1969,1969,1969,009201-090-00560,,,0
1970,1970,1970,009201-059-00920,,,0
1971,1971,1971,009201-059-00820,,,4
1972,1972,1972,009201-059-00620,,,2
1973,1973,1973,009201-025-01100,,,0
1974,1974,1974,009201-025-00100,,,0
1975,1975,1975,009201-005-21111,,,0
1976,1976,1976,009000-03216,,,0
1977,1977,1977,008969-116-00720,,,36
1978,1978,1978,008969-116-00620,,,16
1979,1979,1979,008969-116-00520,,,436
1980,1980,1980,008969-106-01020,,,0
1981,1981,1981,008969-106-00820,,,12
1982,1982,1982,008969-106-00620,,,7
1983,1983,1983,008969-106-00520,,,21
1984,1984,1984,008969-013-01020,,,17
1985,1985,1985,008969-013-00820,,,0
1986,1986,1986,008969-013-00720,,,265
1987,1987,1987,008969-013-00620,,,311
1988,1988,1988,008969-013-00520,,,892
1989,1989,1989,008969-011-00720,,,0
1990,1990,1990,008969-010-00002,,,7
1991,1991,1991,008969-010-00001,,,8
1992,1992,1992,008968-037-02102,,,2
1993,1993,1993,008968-037-02062,,,6
1994,1994,1994,008968-037-01102,,,1
1995,1995,1995,008968-037-01082,,,3
1996,1996,1996,008968-037-01072,,,2
1997,1997,1997,008968-037-01062,,,0
1998,1998,1998,008968-018-00001,,,0
1999,1999,1999,008968-005-00001,,,4
2000,2000,2000,008967-012-11121,,,4
2001,2001,2001,008967-012-10171,,,0
2002,2002,2002,008967-012-01121,,,2
2003,2003,2003,008967-012-00171,,,0
2004,2004,2004,008967-010-14070,,,9
2005,2005,2005,008967-010-13070,,,0
2006,2006,2006,008967-010-12070,,,0
2007,2007,2007,008967-010-11070,,,0
2008,2008,2008,008967-010-02070,,,0
2009,2009,2009,008967-005-01810,,,46
2010,2010,2010,004420-04002,,,0
2011,2011,2011,008967-005-01410,,,0
2012,2012,2012,008967-004-01310,,,0
2013,2013,2013,008967-003-01225,,,106
2014,2014,2014,008967-003-01025,,,24
2015,2015,2015,008967-003-00925,,,829
2016,2016,2016,008967-003-00825,,,1378
2017,2017,2017,008967-003-00725,,,3181
2018,2018,2018,007811-008-05508,,,0
2019,2019,2019,007811-008-05506,,,5
2020,2020,2020,007811-008-03705,,,0
2021,2021,2021,007811-005-00760,,,0
2022,2022,2022,007811-005-00660,,,14
2023,2023,2023,007811-005-00560,,,15
2024,2024,2024,007811-005-00460,,,1
2025,2025,2025,007773-004-00001,,,121
2026,2026,2026,007397-089-10004,,,174
2027,2027,2027,007232-026-00820,,,2
2028,2028,2028,007232-026-00720,,,4
2029,2029,2029,007232-025-00820,,,1
2030,2030,2030,007232-025-00720,,,3
2031,2031,2031,007232-024-00820,,,12
2032,2032,2032,007232-024-00720,,,6
2033,2033,2033,007232-024-00620,,,2
2034,2034,2034,007232-024-00520,,,12
2035,2035,2035,007232-023-00820,,,15
2036,2036,2036,007232-023-00720,,,0
2037,2037,2037,007232-023-00620,,,0
2038,2038,2038,007232-023-00520,,,1
2039,2039,2039,007232-013-00920,,,2
2040,2040,2040,007232-013-00820,,,3
2041,2041,2041,007232-013-00620,,,2
2042,2042,2042,007232-013-00520,,,45
2043,2043,2043,007232-00242,,,0
2044,2044,2044,007202-058-00001,,,0
2045,2045,2045,007011-19100,,,0
2046,2046,2046,007011-07102,,,174
2047,2047,2047,007011-06100,,,76
2048,2048,2048,007011-02101,,,174
2049,2049,2049,007011-00057,,,0
2050,2050,2050,007009-00009,,,0
2051,2051,2051,006881-69054,,,2968
2052,2052,2052,006881-69050,,,20
2053,2053,2053,006881-69027,,,645
2054,2054,2054,006881-69002,,,0
2055,2055,2055,004421-06033,,,31
2056,2056,2056,006881-44215,,,269
2057,2057,2057,004421-13033,,,40
2058,2058,2058,006881-44211,,,2423
2059,2059,2059,006881-00157,,,59
2060,2060,2060,006881-00156,,,13
2061,2061,2061,006881-00155,,,29
2062,2062,2062,006881-00127,,,5412
2063,2063,2063,006881-00008,,,288
2064,2064,2064,006003-02905,,,0
2065,2065,2065,006002-17014,,,0
2066,2066,2066,006002-16087,,,0
2067,2067,2067,006002-16073,,,0
2068,2068,2068,006002-16041,,,0
2069,2069,2069,006002-16028,,,0
2070,2070,2070,006002-14926,,,0
2071,2071,2071,006002-14892,,,0
2072,2072,2072,006002-13682,,,0
2073,2073,2073,006002-13670,,,0
2074,2074,2074,006002-13637,,,0
2075,2075,2075,006002-07161,,,0
2076,2076,2076,005734-520-00250,,,0
2077,2077,2077,005408-024-13000,,,52
2078,2078,2078,005408-024-11500,,,6
2079,2079,2079,005408-024-10750,,,6
2080,2080,2080,005407-008-00001,,,0
2081,2081,2081,005407-003-00001,,,480
2082,2082,2082,005301-01829,,,0
2083,2083,2083,005301-01827,,,0
2084,2084,2084,005301-01826,,,0
2085,2085,2085,005301-01824,,,0
2086,2086,2086,005301-01823,,,0
2087,2087,2087,005301-01822,,,0
2088,2088,2088,005301-01713,,,0
2089,2089,2089,005301-00557,,,0
2090,2090,2090,004420-05001,,,0
2091,2091,2091,004424-08001,,,0
2092,2092,2092,004421-04033,,,0
2093,2093,2093,004420-05002,,,0
2094,2094,2094,005301-00303,,,0
2095,2095,2095,005301-00302,,,0
2096,2096,2096,004901-00295,,,0
2097,2097,2097,004889-26003,,,0
2098,2098,2098,004888-10100,,,0
2099,2099,2099,004886-88030,,,0
2100,2100,2100,004885-92030,,,0
2101,2101,2101,004885-80030,,,0
2102,2102,2102,004885-56030,,,0
2103,2103,2103,004885-11904,,,0
2104,2104,2104,004884-13445,,,0
2105,2105,2105,004884-11904,,,0
2106,2106,2106,004858-44130,,,0
2107,2107,2107,004858-36230,,,0
2108,2108,2108,004858-36125,,,0
2109,2109,2109,004858-30130,,,0
2110,2110,2110,004421-08033,,,15
2111,2111,2111,004858-26125,,,0
2112,2112,2112,004858-24130,,,0
2113,2113,2113,004858-24120,,,0
2114,2114,2114,004858-22130,,,0
2115,2115,2115,004858-22125,,,0
2116,2116,2116,004857-56030,,,0
2117,2117,2117,004857-44040,,,0
2118,2118,2118,004857-40040,,,0
2119,2119,2119,004857-34030,,,0
2120,2120,2120,004857-32040,,,0
2121,2121,2121,004857-30030,,,0
2122,2122,2122,004857-28030,,,0
2123,2123,2123,004857-26030,,,0
2124,2124,2124,004857-24030,,,0
2125,2125,2125,004856-34040,,,0
2126,2126,2126,004853-36140,,,0
2127,2127,2127,004853-30140,,,0
2128,2128,2128,004840-16156,,,0
2129,2129,2129,004833-045-62998,,,0
2130,2130,2130,004833-045-61498,,,0
2131,2131,2131,004833-045-61448,,,0
2132,2132,2132,004833-045-61348,,,0
2133,2133,2133,004833-045-61048,,,0
2134,2134,2134,004833-045-60898,,,0
2135,2135,2135,004833-044-62998,,,0
2136,2136,2136,004833-044-61498,,,0
2137,2137,2137,004433-51033,,,50
2138,2138,2138,004833-044-61048,,,0
2139,2139,2139,004424-04001,,,109
2140,2140,2140,004833-044-60898,,,0
2141,2141,2141,004833-044-60648,,,0
2142,2142,2142,004821-03109,,,0
2143,2143,2143,004821-03108,,,0
2144,2144,2144,004458-04050,,,0
2145,2145,2145,004451-40610,,,0
2146,2146,2146,004451-00311,,,0
2147,2147,2147,004451-00308,,,0
2148,2148,2148,004420-05051,,,0
2149,2149,2149,004451-00303,,,0
2150,2150,2150,004447-07031,,,0
2151,2151,2151,004447-04031,,,0
2152,2152,2152,004424-09011,,,0
2153,2153,2153,004424-09002,,,0
2154,2154,2154,004424-07002,,,0
2155,2155,2155,004424-06001,,,0
2156,2156,2156,004424-05012,,,0
2157,2157,2157,004424-05002,,,0
2158,2158,2158,004424-04012,,,0
2159,2159,2159,004424-04002,,,0
2160,2160,2160,004420-09001,,,0
2161,2161,2161,004420-05031,,,0
2162,2162,2162,004420-04031,,,0
2163,2163,2163,004302-00203,,,176
2164,2164,2164,004158-037-00720,,,0
2165,2165,2165,003850-056-03000,,,6
2166,2166,2166,003850-035-03000,,,608
2167,2167,2167,003850-035-02950,,,0
2168,2168,2168,003850-035-02900,,,0
2169,2169,2169,004420-04001,,,119
2170,2170,2170,003850-035-02850,,,1
2171,2171,2171,003850-035-02800,,,0
2172,2172,2172,003850-035-02750,,,1
2173,2173,2173,003850-035-02700,,,0
2174,2174,2174,003850-035-02650,,,1
2175,2175,2175,003850-035-02600,,,1
2176,2176,2176,003850-035-02550,,,0
2177,2177,2177,003850-035-02500,,,1
2178,2178,2178,003850-035-02450,,,0
2179,2179,2179,003850-035-02400,,,0
2180,2180,2180,003850-035-02350,,,0
2181,2181,2181,003850-035-02300,,,8
2182,2182,2182,003850-035-02250,,,1
2183,2183,2183,003850-035-02200,,,0
2184,2184,2184,003850-035-02150,,,0
2185,2185,2185,003850-035-02100,,,0
2186,2186,2186,003850-035-02050,,,0
2187,2187,2187,003850-035-02000,,,0
2188,2188,2188,003850-035-01950,,,0
2189,2189,2189,003850-035-01900,,,3
2190,2190,2190,003850-035-01850,,,0
2191,2191,2191,003850-035-01800,,,2
2192,2192,2192,003850-035-01750,,,0
2193,2193,2193,003850-035-01700,,,1
2194,2194,2194,003850-035-01650,,,3
2195,2195,2195,003850-035-01600,,,5
2196,2196,2196,004420-10001,,,0
2197,2197,2197,003850-035-01550,,,2
2198,2198,2198,003850-035-01500,,,414
2199,2199,2199,003850-035-01450,,,6
2200,2200,2200,003850-035-01400,,,16
2201,2201,2201,003850-035-01350,,,52
2202,2202,2202,003850-035-01300,,,10
2203,2203,2203,003850-035-01250,,,16
2204,2204,2204,003850-035-01200,,,16
2205,2205,2205,003850-035-01150,,,4
2206,2206,2206,003850-035-01100,,,8
2207,2207,2207,003850-035-01050,,,10
2208,2208,2208,003850-035-01000,,,24
2209,2209,2209,003850-035-00950,,,15
2210,2210,2210,003850-035-00900,,,24
2211,2211,2211,003850-035-00850,,,15
2212,2212,2212,003850-035-00800,,,14
2213,2213,2213,003850-035-00750,,,12
2214,2214,2214,003850-035-00700,,,17
2215,2215,2215,003850-035-00650,,,32
2216,2216,2216,003850-035-00600,,,15
2217,2217,2217,003850-035-00550,,,23
2218,2218,2218,003850-035-00500,,,18
2219,2219,2219,003850-035-00450,,,65
2220,2220,2220,003850-035-00415,,,0
2221,2221,2221,003850-035-00400,,,14
2222,2222,2222,003850-035-00360,,,6
2223,2223,2223,003686-015-03000,,,0
2224,2224,2224,003686-015-01500,,,0
2225,2225,2225,003281-472-00300,,,206
2226,2226,2226,003281-472-00100,,,188
2227,2227,2227,002770-99010,,,1834
2228,2228,2228,002766-00010,,,96
2229,2229,2229,002766-00008,,,0
2230,2230,2230,002766-00006,,,0
2231,2231,2231,002764-00008,,,0
2232,2232,2232,002763-20010,,,20
2233,2233,2233,002763-20008,,,12524
2234,2234,2234,002763-00695,,,200
2235,2235,2235,002763-00590,,,104
2236,2236,2236,002763-00512,,,0
2237,2237,2237,002763-00413,,,0
2238,2238,2238,002763-00306,,,0
2239,2239,2239,002763-00212,,,20
2240,2240,2240,002763-00112,,,456
2241,2241,2241,002763-00110,,,7610
2242,2242,2242,002763-00106,,,1746
2243,2243,2243,002763-00016,,,92
2244,2244,2244,002763-00012,,,48
2245,2245,2245,002763-00010,,,12974
2246,2246,2246,002763-00008,,,0
2247,2247,2247,004421-05033,,,0
2248,2248,2248,002763-00006,,,87753
2249,2249,2249,002763-00004,,,0
2250,2250,2250,002760-00008,,,22488
2251,2251,2251,002747-00106,,,0
2252,2252,2252,002747-00008,,,0
2253,2253,2253,004424-05001,,,0
2254,2254,2254,002747-00006,,,0
2255,2255,2255,002723-80416,,,2738
2256,2256,2256,002723-48025,,,0
2257,2257,2257,002723-40621,,,0
2258,2258,2258,002723-20038,,,0
2259,2259,2259,002522-110-00001,,,130
2260,2260,2260,002522-109-00001,,,130
2261,2261,2261,002439-06012,,,696
2262,2262,2262,002437-10020,,,9922
2263,2263,2263,002420-08050,,,0
2264,2264,2264,002419-10120,,,20
2265,2265,2265,002419-10030,,,1000
2266,2266,2266,002419-10025,,,500
2267,2267,2267,002419-08025,,,0
2268,2268,2268,002419-08020,,,104
2269,2269,2269,002419-08016,,,0
2270,2270,2270,002419-06025,,,1746
2271,2271,2271,002419-06020,,,48326
2272,2272,2272,002419-06016,,,0
2273,2273,2273,002419-04016,,,0
2274,2274,2274,002418-10100,,,0
2275,2275,2275,002418-10025,,,0
2276,2276,2276,004552-06000,,,165
2277,2277,2277,002418-06020,,,0
2278,2278,2278,002418-06016,,,0
2279,2279,2279,002416-08020,,,0
2280,2280,2280,002416-06030,,,0
2281,2281,2281,002413-08020,,,34948
2282,2282,2282,002412-01050,,,21
2283,2283,2283,002412-01030,,,230
2284,2284,2284,004552-04000,,,699
2285,2285,2285,002412-01025,,,68
2286,2286,2286,002412-00820,,,0
2287,2287,2287,002412-00815,,,4510
2288,2288,2288,002373-00102,,,20
2289,2289,2289,002372-50008,,,484
2290,2290,2290,002372-45212,,,0
2291,2291,2291,002372-00510,,,10131
2292,2292,2292,002372-00508,,,102
2293,2293,2293,002372-00507,,,38921
2294,2294,2294,002372-00506,,,1746
2295,2295,2295,002372-00301,,,0
2296,2296,2296,002371-57210,,,0
2297,2297,2297,002371-56208,,,0
2298,2298,2298,002371-56206,,,0
2299,2299,2299,002371-56010,,,0
2300,2300,2300,002371-56005,,,0
2301,2301,2301,002371-56004,,,0
2302,2302,2302,002370-89210,,,48
2303,2303,2303,002370-89206,,,0
2304,2304,2304,002370-88412,,,0
2305,2305,2305,002370-88020,,,0
2306,2306,2306,002370-88016,,,92
2307,2307,2307,002370-88010,,,6612
2308,2308,2308,002370-88008,,,102
2309,2309,2309,002370-88006,,,25906
2310,2310,2310,002322-08021,,,786
2311,2311,2311,002322-08020,,,0
2312,2312,2312,002322-06021,,,2032
2313,2313,2313,002322-06020,,,988
2314,2314,2314,002317-20825,,,0
2315,2315,2315,002315-21207,,,456
2316,2316,2316,002315-01408,,,5912
2317,2317,2317,002314-60660,,,0
2318,2318,2318,002314-50550,,,0
2319,2319,2319,002314-50108,,,0
2320,2320,2320,002314-50004,,,0
2321,2321,2321,002314-00900,,,0
2322,2322,2322,002314-00860,,,0
2323,2323,2323,002313-10080,,,48
2324,2324,2324,002313-10050,,,0
2325,2325,2325,002313-10040,,,1456
2326,2326,2326,002313-10030,,,0
2327,2327,2327,002311-12030,,,48
2328,2328,2328,002311-10180,,,256
2329,2329,2329,002311-10050,,,190
2330,2330,2330,002311-10035,,,0
2331,2331,2331,004444-03400,,,448
2332,2332,2332,002311-10030,,,0
2333,2333,2333,002311-10025,,,80
2334,2334,2334,002311-10020,,,0
2335,2335,2335,002311-08020,,,484
2336,2336,2336,002311-08015,,,0
2337,2337,2337,002311-06100,,,14736
2338,2338,2338,002311-06015,,,25906
2339,2339,2339,002300-10120,,,20
2340,2340,2340,002300-10030,,,0
2341,2341,2341,002300-10020,,,48
2342,2342,2342,002300-08020,,,0
2343,2343,2343,002300-08015,,,0
2344,2344,2344,002036-335-00001,,,0
2345,2345,2345,002036-035-13001,,,0
2346,2346,2346,002036-035-10001,,,0
2347,2347,2347,002036-035-10000,,,0
2348,2348,2348,002036-032-03000,,,0
2349,2349,2349,002036-032-02700,,,0
2350,2350,2350,002036-032-02250,,,0
2351,2351,2351,001695-00005,,,0
2352,2352,2352,001693-50000,,,7423
2353,2353,2353,001388-351-00300,,,0
2354,2354,2354,001388-351-00100,,,9
2355,2355,2355,001388-345-00300,,,0
2356,2356,2356,001388-345-00100,,,0
2357,2357,2357,001388-344-10570,,,0
2358,2358,2358,001388-343-10570,,,0
2359,2359,2359,001285-016-00790,,,75
2360,2360,2360,001285-016-00590,,,104
2361,2361,2361,001040-001-00940,,,14
2362,2362,2362,001040-001-00840,,,38
2363,2363,2363,001040-001-00740,,,78
2364,2364,2364,001040-001-00640,,,0
2365,2365,2365,001040-001-00540,,,196
2366,2366,2366,001040-001-00440,,,548
2367,2367,2367,000420-21179,,,24
2368,2368,2368,000420-19909,,,0
2369,2369,2369,000420-19908,,,0
2370,2370,2370,000420-19907,,,0
2371,2371,2371,000420-19899,,,0
2372,2372,2372,000420-19873,,,12
2373,2373,2373,000420-19872,,,47
2374,2374,2374,000420-19286,,,0
2375,2375,2375,000420-19284,,,0
2376,2376,2376,000420-18531,,,15
2377,2377,2377,000420-18304,,,3
2378,2378,2378,000420-18271,,,1
2379,2379,2379,000420-18270,,,9
2380,2380,2380,000420-18263,,,3
2381,2381,2381,000420-18257,,,0
2382,2382,2382,000420-18256,,,0
2383,2383,2383,000420-18237,,,2
2384,2384,2384,000420-18235,,,1
2385,2385,2385,000420-18233,,,9
2386,2386,2386,000420-18217,,,0
2387,2387,2387,000420-18210,,,3
2388,2388,2388,000420-18208,,,28
2389,2389,2389,000420-17634,,,8
2390,2390,2390,000420-17520,,,0
2391,2391,2391,000420-16727,,,4
2392,2392,2392,000420-16726,,,0
2393,2393,2393,000420-16725,,,0
2394,2394,2394,000420-16722,,,44
2395,2395,2395,000420-16720,,,0
2396,2396,2396,000420-16719,,,0
2397,2397,2397,000420-16718,,,0
2398,2398,2398,000420-16717,,,10
2399,2399,2399,000420-16716,,,36
2400,2400,2400,000420-16017,,,3
2401,2401,2401,000420-15686,,,0
2402,2402,2402,000420-15684,,,0
2403,2403,2403,000420-14682,,,16
2404,2404,2404,000420-14681,,,1
2405,2405,2405,000420-14680,,,0
2406,2406,2406,000420-14659,,,0
2407,2407,2407,000420-14658,,,0
2408,2408,2408,000420-14657,,,0
2409,2409,2409,000420-14656,,,0
2410,2410,2410,000420-14655,,,0
2411,2411,2411,000420-14389,,,0
2412,2412,2412,000420-11926,,,0
2413,2413,2413,000420-05897,,,0
2414,2414,2414,000420-05896,,,0
2415,2415,2415,004518-00400,,,0
2416,2416,2416,000141-95102,,,0
2417,2417,2417,000000-06793,,,0
2418,2418,2418,000000-06792,,,0
2419,2419,2419,000000-06713,,,68
2420,2420,2420,000000-06592,,,0
2421,2421,2421,000000-06176,,,846
2422,2422,2422,000000-06025,,,846
2423,2423,2423,000000-06015,,,12195
2424,2424,2424,000000-05931,,,50220
2425,2425,2425,000000-05870,,,0
2426,2426,2426,000000-04721,,,0
2427,2427,2427,000000-04063,,,0
2428,2428,2428,000000-03045,,,0
2429,2429,2429,000000-02945,,,0
2430,2430,2430,000000-02873,,,0
2431,2431,2431,000000-02459,,,0
2432,2432,2432,000000-02188,,,0
2433,2433,2433,000000-01831,,,177
2434,2434,2434,000000-01013,,,0
2435,2435,2435,014513-034-32082,,,0
2436,2436,2436,015593-071-01500,,,12
2437,2437,2437,027075-008-07546,,,0
2438,2438,2438,027075-008-07556,,,0
2439,2439,2439,027075-008-07576,,,0
2440,2440,2440,027075-001-07146,,,0
2441,2441,2441,027075-001-07156,,,0
2442,2442,2442,027075-001-07166,,,0
2443,2443,2443,027075-001-07176,,,0
2444,2444,2444,027075-001-07196,,,0
2445,2445,2445,027075-001-22146,,,0
2446,2446,2446,027075-001-22156,,,0
2447,2447,2447,027075-001-22166,,,0
2448,2448,2448,027075-001-22176,,,0
2449,2449,2449,027075-001-22186,,,0
2450,2450,2450,027075-001-22196,,,0
2451,2451,2451,027075-001-30146,,,0
2452,2452,2452,027075-001-30156,,,0
2453,2453,2453,027075-001-30166,,,0
2454,2454,2454,027075-001-30176,,,0
2455,2455,2455,027075-001-37146,,,0
2456,2456,2456,027075-001-37156,,,0
2457,2457,2457,027075-001-37176,,,0
2458,2458,2458,027075-001-52146,,,0
2459,2459,2459,027075-001-52156,,,0
2460,2460,2460,027075-001-52176,,,0
2461,2461,2461,027075-001-52196,,,0
2462,2462,2462,027075-001-75146,,,0
2463,2463,2463,027075-002-75056,,,0
2464,2464,2464,027075-002-75066,,,0
2465,2465,2465,027075-002-75076,,,0
2466,2466,2466,027075-002-75086,,,0
2467,2467,2467,027075-002-75096,,,0
2468,2468,2468,027075-004-00046,,,0
2469,2469,2469,027075-004-00056,,,0
2470,2470,2470,027075-004-00086,,,0
2471,2471,2471,LF-0003282BRF,,,0
2472,2472,2472,014496-543-30005,,,0
2473,2473,2473,027075-008-07596,,,0
2474,2474,2474,027075-001-07186,,,0
2475,2475,2475,027075-001-30186,,,0
2476,2476,2476,027075-004-00066,,,0
2477,2477,2477,027075-004-00076,,,0
2478,2478,2478,027075-004-00096,,,0
2479,2479,2479,026368-004-06574,,,0
2480,2480,2480,026368-004-16574,,,0
2481,2481,2481,030123-019-41152,,,0
2482,2482,2482,030123-019-41252,,,0
2483,2483,2483,030123-019-41262,,,0
2484,2484,2484,030123-003-05301,,,0
2485,2485,2485,030123-003-06301,,,0
2486,2486,2486,030123-003-07301,,,0
2487,2487,2487,030123-003-08301,,,0
2488,2488,2488,030123-006-05300,,,0
2489,2489,2489,014496-543-30005,,,0
